,t(min),Te[K],Tc[K],dT[K],P[bar],Q[W],TR[K/W],alpha,beta,phase,Fluid
0,00:00:00,305.15,305.15,0.0,0.44662974527439064,40,0.0,90,0,1,Al2O3_DI_Water
1,00:00:05,305.34999999999997,305.15,0.20000000000000284,0.44662974527439064,40,0.005000000000000071,90,0,1,Al2O3_DI_Water
2,00:00:10,305.34999999999997,305.15,0.20000000000000284,0.44662974527439064,40,0.005000000000000071,90,0,1,Al2O3_DI_Water
3,00:00:15,305.15,305.15,0.0,0.44662974527439064,40,0.0,90,0,1,Al2O3_DI_Water
4,00:00:20,305.15,305.15,0.0,0.44662974527439064,40,0.0,90,0,1,Al2O3_DI_Water
5,00:00:25,305.34999999999997,305.15,0.20000000000000284,0.44662974527439064,40,0.005000000000000071,90,0,1,Al2O3_DI_Water
6,00:00:30,305.34999999999997,305.15,0.20000000000000284,0.44662974527439064,40,0.005000000000000071,90,0,1,Al2O3_DI_Water
7,00:00:35,305.34999999999997,305.15,0.20000000000000284,0.44662974527439064,40,0.005000000000000071,90,0,1,Al2O3_DI_Water
8,00:00:40,305.15,305.15,0.0,0.44662974527439064,40,0.0,90,0,1,Al2O3_DI_Water
9,00:00:45,305.15,305.15,0.0,0.44662974527439064,40,0.0,90,0,1,Al2O3_DI_Water
10,00:00:50,305.54999999999995,305.15,0.3999999999999986,0.44662974527439064,40,0.009999999999999964,90,0,1,Al2O3_DI_Water
11,00:00:55,305.54999999999995,305.4,0.14999999999999858,0.44662974527439064,40,0.0037499999999999643,90,0,1,Al2O3_DI_Water
12,00:01:00,305.54999999999995,305.4,0.14999999999999858,0.44662974527439064,40,0.0037499999999999643,90,0,1,Al2O3_DI_Water
13,00:01:05,305.75,305.4,0.3500000000000014,0.44662974527439064,40,0.008750000000000036,90,0,1,Al2O3_DI_Water
14,00:01:10,305.95,305.4,0.5499999999999972,0.44662974527439064,40,0.013749999999999929,90,0,1,Al2O3_DI_Water
15,00:01:15,305.95,305.4,0.5499999999999972,0.44662974527439064,40,0.013749999999999929,90,0,1,Al2O3_DI_Water
16,00:01:20,306.15,305.4,0.75,0.44662974527439064,40,0.01875,90,0,1,Al2O3_DI_Water
17,00:01:25,306.15,305.4,0.75,0.44662974527439064,40,0.01875,90,0,1,Al2O3_DI_Water
18,00:01:30,306.15,305.4,0.75,0.44662974527439064,40,0.01875,90,0,1,Al2O3_DI_Water
19,00:01:35,306.34999999999997,305.4,0.9500000000000028,0.44662974527439064,40,0.02375000000000007,90,0,1,Al2O3_DI_Water
20,00:01:40,306.15,305.4,0.75,0.44662974527439064,40,0.01875,90,0,1,Al2O3_DI_Water
21,00:01:45,306.15,305.4,0.75,0.44662974527439064,40,0.01875,90,0,1,Al2O3_DI_Water
22,00:01:50,306.54999999999995,305.4,1.1499999999999986,0.44662974527439064,40,0.028749999999999963,90,0,1,Al2O3_DI_Water
23,00:01:55,306.54999999999995,305.4,1.1499999999999986,0.44662974527439064,40,0.028749999999999963,90,0,1,Al2O3_DI_Water
24,00:02:00,306.75,305.65,1.1000000000000014,0.44662974527439064,40,0.027500000000000035,90,0,1,Al2O3_DI_Water
25,00:02:05,306.95,305.65,1.2999999999999972,0.44662974527439064,40,0.03249999999999993,90,0,1,Al2O3_DI_Water
26,00:02:10,306.75,305.4,1.3500000000000014,0.44662974527439064,40,0.03375000000000004,90,0,1,Al2O3_DI_Water
27,00:02:15,307.15,305.4,1.75,0.44662974527439064,40,0.04375,90,0,1,Al2O3_DI_Water
28,00:02:20,307.15,305.4,1.75,0.44662974527439064,40,0.04375,90,0,1,Al2O3_DI_Water
29,00:02:25,307.34999999999997,305.9,1.4500000000000028,0.44662974527439064,40,0.036250000000000074,90,0,1,Al2O3_DI_Water
30,00:02:30,307.54999999999995,305.65,1.8999999999999986,0.44662974527439064,40,0.047499999999999966,90,0,1,Al2O3_DI_Water
31,00:02:35,307.75,305.9,1.8500000000000014,0.44662974527439064,40,0.046250000000000034,90,0,1,Al2O3_DI_Water
32,00:02:40,307.95,305.65,2.299999999999997,0.44662974527439064,40,0.057499999999999926,90,0,1,Al2O3_DI_Water
33,00:02:45,308.15,305.9,2.25,0.44662974527439064,40,0.05625,90,0,1,Al2O3_DI_Water
34,00:02:50,308.34999999999997,306.15,2.200000000000003,0.44662974527439064,40,0.05500000000000007,90,0,1,Al2O3_DI_Water
35,00:02:55,308.15,306.4,1.75,0.44662974527439064,40,0.04375,90,0,1,Al2O3_DI_Water
36,00:03:00,308.34999999999997,306.15,2.200000000000003,0.44662974527439064,40,0.05500000000000007,90,0,1,Al2O3_DI_Water
37,00:03:05,308.95,306.15,2.799999999999997,0.44662974527439064,40,0.06999999999999992,90,0,1,Al2O3_DI_Water
38,00:03:10,308.95,306.15,2.799999999999997,0.44662974527439064,40,0.06999999999999992,90,0,1,Al2O3_DI_Water
39,00:03:15,308.95,306.15,2.799999999999997,0.44662974527439064,40,0.06999999999999992,90,0,1,Al2O3_DI_Water
40,00:03:20,308.95,306.4,2.549999999999997,0.44662974527439064,40,0.06374999999999993,90,0,1,Al2O3_DI_Water
41,00:03:25,309.34999999999997,306.4,2.950000000000003,0.44662974527439064,40,0.07375000000000007,90,0,1,Al2O3_DI_Water
42,00:03:30,309.54999999999995,306.4,3.1499999999999986,0.44662974527439064,40,0.07874999999999996,90,0,1,Al2O3_DI_Water
43,00:03:35,309.75,306.4,3.3500000000000014,0.44662974527439064,40,0.08375000000000003,90,0,1,Al2O3_DI_Water
44,00:03:40,309.75,306.4,3.3500000000000014,0.44662974527439064,40,0.08375000000000003,90,0,1,Al2O3_DI_Water
45,00:03:45,309.95,306.4,3.549999999999997,0.44662974527439064,40,0.08874999999999993,90,0,1,Al2O3_DI_Water
46,00:03:50,310.34999999999997,306.4,3.950000000000003,0.44662974527439064,40,0.09875000000000007,90,0,1,Al2O3_DI_Water
47,00:03:55,310.34999999999997,306.4,3.950000000000003,0.44662974527439064,40,0.09875000000000007,90,0,1,Al2O3_DI_Water
48,00:04:00,310.75,306.4,4.350000000000001,0.44662974527439064,40,0.10875000000000004,90,0,1,Al2O3_DI_Water
49,00:04:05,310.54999999999995,306.65,3.8999999999999986,0.44662974527439064,40,0.09749999999999996,90,0,1,Al2O3_DI_Water
50,00:04:10,310.75,306.4,4.350000000000001,0.44662974527439064,40,0.10875000000000004,90,0,1,Al2O3_DI_Water
51,00:04:15,310.95,306.9,4.049999999999997,0.44662974527439064,40,0.10124999999999992,90,0,1,Al2O3_DI_Water
52,00:04:20,311.15,306.65,4.5,0.44662974527439064,40,0.1125,90,0,1,Al2O3_DI_Water
53,00:04:25,311.54999999999995,306.9,4.649999999999999,0.44662974527439064,40,0.11624999999999996,90,0,1,Al2O3_DI_Water
54,00:04:30,311.34999999999997,306.9,4.450000000000003,0.44662974527439064,40,0.11125000000000007,90,0,1,Al2O3_DI_Water
55,00:04:35,311.75,306.9,4.850000000000001,0.44662974527439064,40,0.12125000000000004,90,0,1,Al2O3_DI_Water
56,00:04:40,311.95,307.15,4.799999999999997,0.44662974527439064,40,0.11999999999999993,90,0,1,Al2O3_DI_Water
57,00:04:45,312.15,307.15,5.0,0.44662974527439064,40,0.125,90,0,1,Al2O3_DI_Water
58,00:04:50,312.15,307.15,5.0,0.44662974527439064,40,0.125,90,0,1,Al2O3_DI_Water
59,00:04:55,312.34999999999997,307.15,5.200000000000003,0.44662974527439064,40,0.13000000000000006,90,0,1,Al2O3_DI_Water
60,00:05:00,312.75,307.15,5.600000000000001,0.44662974527439064,40,0.14000000000000004,90,0,1,Al2O3_DI_Water
61,00:05:05,312.75,307.15,5.600000000000001,0.44662974527439064,40,0.14000000000000004,90,0,1,Al2O3_DI_Water
62,00:05:10,312.95,307.15,5.799999999999997,0.44662974527439064,40,0.14499999999999993,90,0,1,Al2O3_DI_Water
63,00:05:15,312.75,307.4,5.350000000000001,0.44662974527439064,40,0.13375000000000004,90,0,1,Al2O3_DI_Water
64,00:05:20,313.34999999999997,307.4,5.950000000000003,0.44662974527439064,40,0.14875000000000008,90,0,1,Al2O3_DI_Water
65,00:05:25,313.54999999999995,307.65,5.899999999999999,0.44662974527439064,40,0.14749999999999996,90,0,1,Al2O3_DI_Water
66,00:05:30,313.34999999999997,307.65,5.700000000000003,0.44662974527439064,40,0.14250000000000007,90,0,1,Al2O3_DI_Water
67,00:05:35,313.34999999999997,307.65,5.700000000000003,0.44662974527439064,40,0.14250000000000007,90,0,1,Al2O3_DI_Water
68,00:05:40,313.95,307.65,6.299999999999997,0.44662974527439064,40,0.15749999999999992,90,0,1,Al2O3_DI_Water
69,00:05:45,314.15,307.9,6.25,0.44662974527439064,40,0.15625,90,0,1,Al2O3_DI_Water
70,00:05:50,314.34999999999997,307.9,6.450000000000003,0.44662974527439064,40,0.16125000000000006,90,0,1,Al2O3_DI_Water
71,00:05:55,314.15,307.9,6.25,0.44662974527439064,40,0.15625,90,0,1,Al2O3_DI_Water
72,00:06:00,314.54999999999995,307.9,6.649999999999999,0.44662974527439064,40,0.16624999999999995,90,0,1,Al2O3_DI_Water
73,00:06:05,314.54999999999995,308.15,6.399999999999999,0.44662974527439064,40,0.15999999999999998,90,0,1,Al2O3_DI_Water
74,00:06:10,314.95,308.15,6.799999999999997,0.44662974527439064,40,0.16999999999999993,90,0,1,Al2O3_DI_Water
75,00:06:15,314.95,308.15,6.799999999999997,0.44662974527439064,40,0.16999999999999993,90,0,1,Al2O3_DI_Water
76,00:06:20,314.95,308.15,6.799999999999997,0.44662974527439064,40,0.16999999999999993,90,0,1,Al2O3_DI_Water
77,00:06:25,314.95,308.15,6.799999999999997,0.44662974527439064,40,0.16999999999999993,90,0,1,Al2O3_DI_Water
78,00:06:30,315.15,308.65,6.5,0.44662974527439064,40,0.1625,90,0,1,Al2O3_DI_Water
79,00:06:35,315.95,308.15,7.799999999999997,0.44662974527439064,40,0.19499999999999992,90,0,1,Al2O3_DI_Water
80,00:06:40,315.75,308.65,7.100000000000001,0.44662974527439064,40,0.17750000000000005,90,0,1,Al2O3_DI_Water
81,00:06:45,316.15,308.65,7.5,0.44662974527439064,40,0.1875,90,0,1,Al2O3_DI_Water
82,00:06:50,315.95,308.4,7.549999999999997,0.44662974527439064,40,0.18874999999999992,90,0,1,Al2O3_DI_Water
83,00:06:55,316.15,308.65,7.5,0.44662974527439064,40,0.1875,90,0,1,Al2O3_DI_Water
84,00:07:00,316.54999999999995,308.65,7.899999999999999,0.44662974527439064,40,0.19749999999999995,90,0,1,Al2O3_DI_Water
85,00:07:05,316.34999999999997,308.9,7.450000000000003,0.44662974527439064,40,0.18625000000000008,90,0,1,Al2O3_DI_Water
86,00:07:10,316.34999999999997,308.9,7.450000000000003,0.44662974527439064,40,0.18625000000000008,90,0,1,Al2O3_DI_Water
87,00:07:15,316.75,308.9,7.850000000000001,0.44662974527439064,40,0.19625000000000004,90,0,1,Al2O3_DI_Water
88,00:07:20,316.95,308.9,8.049999999999997,0.44662974527439064,40,0.20124999999999993,90,0,1,Al2O3_DI_Water
89,00:07:25,316.95,309.15,7.799999999999997,0.44662974527439064,40,0.19499999999999992,90,0,1,Al2O3_DI_Water
90,00:07:30,317.15,309.15,8.0,0.44662974527439064,40,0.2,90,0,1,Al2O3_DI_Water
91,00:07:35,317.34999999999997,309.4,7.950000000000003,0.44662974527439064,40,0.19875000000000007,90,0,1,Al2O3_DI_Water
92,00:07:40,317.54999999999995,309.4,8.149999999999999,0.44662974527439064,40,0.20374999999999996,90,0,1,Al2O3_DI_Water
93,00:07:45,317.75,309.4,8.350000000000001,0.44662974527439064,40,0.20875000000000005,90,0,1,Al2O3_DI_Water
94,00:07:50,317.75,309.4,8.350000000000001,0.44662974527439064,40,0.20875000000000005,90,0,1,Al2O3_DI_Water
95,00:07:55,317.95,309.4,8.549999999999997,0.44662974527439064,40,0.21374999999999994,90,0,1,Al2O3_DI_Water
96,00:08:00,318.15,309.4,8.75,0.44662974527439064,40,0.21875,90,0,1,Al2O3_DI_Water
97,00:08:05,318.15,309.65,8.5,0.44662974527439064,40,0.2125,90,0,1,Al2O3_DI_Water
98,00:08:10,318.34999999999997,309.65,8.700000000000003,0.44662974527439064,40,0.21750000000000008,90,0,1,Al2O3_DI_Water
99,00:08:15,318.54999999999995,309.65,8.899999999999999,0.44662974527439064,40,0.22249999999999998,90,0,1,Al2O3_DI_Water
100,00:08:20,318.75,309.65,9.100000000000001,0.44662974527439064,40,0.22750000000000004,90,0,1,Al2O3_DI_Water
101,00:08:25,318.95,309.9,9.049999999999997,0.44662974527439064,40,0.22624999999999992,90,0,1,Al2O3_DI_Water
102,00:08:30,319.15,309.9,9.25,0.44662974527439064,40,0.23125,90,0,1,Al2O3_DI_Water
103,00:08:35,319.15,309.9,9.25,0.44662974527439064,40,0.23125,90,0,1,Al2O3_DI_Water
104,00:08:40,319.34999999999997,309.9,9.450000000000003,0.44662974527439064,40,0.23625000000000007,90,0,1,Al2O3_DI_Water
105,00:08:45,319.34999999999997,309.9,9.450000000000003,0.44662974527439064,40,0.23625000000000007,90,0,1,Al2O3_DI_Water
106,00:08:50,319.54999999999995,309.9,9.649999999999999,0.44662974527439064,40,0.24124999999999996,90,0,1,Al2O3_DI_Water
107,00:08:55,319.54999999999995,309.9,9.649999999999999,0.44662974527439064,40,0.24124999999999996,90,0,1,Al2O3_DI_Water
108,00:09:00,319.75,310.15,9.600000000000001,0.44662974527439064,40,0.24000000000000005,90,0,1,Al2O3_DI_Water
109,00:09:05,319.75,310.4,9.350000000000001,0.44662974527439064,40,0.23375000000000004,90,0,1,Al2O3_DI_Water
110,00:09:10,319.75,310.4,9.350000000000001,0.44662974527439064,40,0.23375000000000004,90,0,1,Al2O3_DI_Water
111,00:09:15,319.75,310.4,9.350000000000001,0.44662974527439064,40,0.23375000000000004,90,0,1,Al2O3_DI_Water
112,00:09:20,320.54999999999995,310.65,9.899999999999999,0.44662974527439064,40,0.24749999999999997,90,0,1,Al2O3_DI_Water
113,00:09:25,320.34999999999997,310.65,9.700000000000003,0.44662974527439064,40,0.24250000000000008,90,0,1,Al2O3_DI_Water
114,00:09:30,320.34999999999997,310.65,9.700000000000003,0.44662974527439064,40,0.24250000000000008,90,0,1,Al2O3_DI_Water
115,00:09:35,320.75,310.65,10.100000000000001,0.44662974527439064,40,0.25250000000000006,90,0,1,Al2O3_DI_Water
116,00:09:40,320.54999999999995,310.9,9.649999999999999,0.44662974527439064,40,0.24124999999999996,90,0,1,Al2O3_DI_Water
117,00:09:45,320.75,310.65,10.100000000000001,0.44662974527439064,40,0.25250000000000006,90,0,1,Al2O3_DI_Water
118,00:09:50,320.95,310.9,10.049999999999997,0.44662974527439064,40,0.2512499999999999,90,0,1,Al2O3_DI_Water
119,00:09:55,321.15,310.9,10.25,0.44662974527439064,40,0.25625,90,0,1,Al2O3_DI_Water
120,00:10:00,320.95,310.9,10.049999999999997,0.44662974527439064,40,0.2512499999999999,90,0,1,Al2O3_DI_Water
121,00:10:05,321.34999999999997,310.9,10.450000000000003,0.44662974527439064,40,0.2612500000000001,90,0,1,Al2O3_DI_Water
122,00:10:10,321.75,311.15,10.600000000000001,0.44662974527439064,40,0.265,90,0,1,Al2O3_DI_Water
123,00:10:15,321.95,311.15,10.799999999999997,0.44662974527439064,40,0.2699999999999999,90,0,1,Al2O3_DI_Water
124,00:10:20,321.95,311.4,10.549999999999997,0.44662974527439064,40,0.26374999999999993,90,0,1,Al2O3_DI_Water
125,00:10:25,321.75,311.4,10.350000000000001,0.44662974527439064,40,0.25875000000000004,90,0,1,Al2O3_DI_Water
126,00:10:30,322.15,311.15,11.0,0.44662974527439064,40,0.275,90,0,1,Al2O3_DI_Water
127,00:10:35,322.15,311.4,10.75,0.44662974527439064,40,0.26875,90,0,1,Al2O3_DI_Water
128,00:10:40,322.54999999999995,311.4,11.149999999999999,0.4799603232799422,40,0.27874999999999994,90,0,1,Al2O3_DI_Water
129,00:10:45,322.54999999999995,311.4,11.149999999999999,0.4799603232799422,40,0.27874999999999994,90,0,1,Al2O3_DI_Water
130,00:10:50,322.54999999999995,311.4,11.149999999999999,0.4799603232799422,40,0.27874999999999994,90,0,1,Al2O3_DI_Water
131,00:10:55,322.54999999999995,311.65,10.899999999999999,0.4799603232799422,40,0.27249999999999996,90,0,1,Al2O3_DI_Water
132,00:11:00,322.54999999999995,311.4,11.149999999999999,0.4799603232799422,40,0.27874999999999994,90,0,1,Al2O3_DI_Water
133,00:11:05,322.75,311.65,11.100000000000001,0.4799603232799422,40,0.2775,90,0,1,Al2O3_DI_Water
134,00:11:10,322.54999999999995,311.65,10.899999999999999,0.4799603232799422,40,0.27249999999999996,90,0,1,Al2O3_DI_Water
135,00:11:15,322.54999999999995,311.65,10.899999999999999,0.4799603232799422,40,0.27249999999999996,90,0,1,Al2O3_DI_Water
136,00:11:20,322.95,311.9,11.049999999999997,0.4799603232799422,40,0.27624999999999994,90,0,1,Al2O3_DI_Water
137,00:11:25,323.54999999999995,311.9,11.649999999999999,0.4799603232799422,40,0.29124999999999995,90,0,1,Al2O3_DI_Water
138,00:11:30,323.54999999999995,311.9,11.649999999999999,0.4799603232799422,40,0.29124999999999995,90,0,1,Al2O3_DI_Water
139,00:11:35,323.54999999999995,311.9,11.649999999999999,0.4799603232799422,40,0.29124999999999995,90,0,1,Al2O3_DI_Water
140,00:11:40,323.34999999999997,311.9,11.450000000000003,0.4799603232799422,40,0.28625000000000006,90,0,1,Al2O3_DI_Water
141,00:11:45,323.54999999999995,312.15,11.399999999999999,0.4799603232799422,40,0.285,90,0,1,Al2O3_DI_Water
142,00:11:50,323.54999999999995,311.9,11.649999999999999,0.4799603232799422,40,0.29124999999999995,90,0,1,Al2O3_DI_Water
143,00:11:55,324.15,312.15,12.0,0.4799603232799422,40,0.3,90,0,1,Al2O3_DI_Water
144,00:12:00,324.15,312.4,11.75,0.4799603232799422,40,0.29375,90,0,1,Al2O3_DI_Water
145,00:12:05,324.15,312.65,11.5,0.4799603232799422,40,0.2875,90,0,1,Al2O3_DI_Water
146,00:12:10,324.34999999999997,312.65,11.700000000000003,0.4799603232799422,40,0.2925000000000001,90,0,1,Al2O3_DI_Water
147,00:12:15,324.54999999999995,312.4,12.149999999999999,0.4799603232799422,40,0.30374999999999996,90,0,1,Al2O3_DI_Water
148,00:12:20,324.54999999999995,312.65,11.899999999999999,0.4799603232799422,40,0.2975,90,0,1,Al2O3_DI_Water
149,00:12:25,324.75,312.65,12.100000000000001,0.4799603232799422,40,0.30250000000000005,90,0,1,Al2O3_DI_Water
150,00:12:30,324.95,312.65,12.299999999999997,0.4799603232799422,40,0.30749999999999994,90,0,1,Al2O3_DI_Water
151,00:12:35,324.95,312.65,12.299999999999997,0.4799603232799422,40,0.30749999999999994,90,0,1,Al2O3_DI_Water
152,00:12:40,325.15,312.65,12.5,0.4799603232799422,40,0.3125,90,0,1,Al2O3_DI_Water
153,00:12:45,325.34999999999997,312.65,12.700000000000003,0.4799603232799422,40,0.31750000000000006,90,0,1,Al2O3_DI_Water
154,00:12:50,325.15,312.65,12.5,0.4799603232799422,40,0.3125,90,0,1,Al2O3_DI_Water
155,00:12:55,325.54999999999995,312.65,12.899999999999999,0.4799603232799422,40,0.32249999999999995,90,0,1,Al2O3_DI_Water
156,00:13:00,325.34999999999997,312.65,12.700000000000003,0.4799603232799422,40,0.31750000000000006,90,0,1,Al2O3_DI_Water
157,00:13:05,325.54999999999995,312.65,12.899999999999999,0.4799603232799422,40,0.32249999999999995,90,0,1,Al2O3_DI_Water
158,00:13:10,325.54999999999995,312.9,12.649999999999999,0.4799603232799422,40,0.31625,90,0,1,Al2O3_DI_Water
159,00:13:15,325.75,313.15,12.600000000000001,0.4799603232799422,40,0.31500000000000006,90,0,1,Al2O3_DI_Water
160,00:13:20,325.95,313.15,12.799999999999997,0.4799603232799422,40,0.31999999999999995,90,0,1,Al2O3_DI_Water
161,00:13:25,325.95,313.15,12.799999999999997,0.4799603232799422,40,0.31999999999999995,90,0,1,Al2O3_DI_Water
162,00:13:30,326.15,313.4,12.75,0.4799603232799422,40,0.31875,90,0,1,Al2O3_DI_Water
163,00:13:35,325.95,313.65,12.299999999999997,0.4799603232799422,40,0.30749999999999994,90,0,1,Al2O3_DI_Water
164,00:13:40,326.15,313.65,12.5,0.5132909012854937,40,0.3125,90,0,1,Al2O3_DI_Water
165,00:13:45,326.34999999999997,313.65,12.700000000000003,0.5132909012854937,40,0.31750000000000006,90,0,1,Al2O3_DI_Water
166,00:13:50,326.34999999999997,313.65,12.700000000000003,0.5132909012854937,40,0.31750000000000006,90,0,1,Al2O3_DI_Water
167,00:13:55,326.75,313.65,13.100000000000001,0.5132909012854937,40,0.3275,90,0,1,Al2O3_DI_Water
168,00:14:00,327.15,313.65,13.5,0.5132909012854937,40,0.3375,90,0,1,Al2O3_DI_Water
169,00:14:05,326.75,313.9,12.850000000000001,0.5132909012854937,40,0.32125000000000004,90,0,1,Al2O3_DI_Water
170,00:14:10,327.15,313.65,13.5,0.5132909012854937,40,0.3375,90,0,1,Al2O3_DI_Water
171,00:14:15,327.15,314.15,13.0,0.5132909012854937,40,0.325,90,0,1,Al2O3_DI_Water
172,00:14:20,327.15,313.9,13.25,0.5132909012854937,40,0.33125,90,0,1,Al2O3_DI_Water
173,00:14:25,326.95,313.9,13.049999999999997,0.5132909012854937,40,0.32624999999999993,90,0,1,Al2O3_DI_Water
174,00:14:30,325.95,314.15,11.799999999999997,0.5132909012854937,40,0.29499999999999993,90,0,1,Al2O3_DI_Water
175,00:14:35,325.95,314.4,11.549999999999997,0.5132909012854937,40,0.28874999999999995,90,0,1,Al2O3_DI_Water
176,00:14:40,325.95,314.15,11.799999999999997,0.5132909012854937,40,0.29499999999999993,90,0,1,Al2O3_DI_Water
177,00:14:45,325.95,314.65,11.299999999999997,0.5132909012854937,40,0.2824999999999999,90,0,1,Al2O3_DI_Water
178,00:14:50,326.54999999999995,314.15,12.399999999999999,0.5132909012854937,40,0.30999999999999994,90,0,1,Al2O3_DI_Water
179,00:14:55,326.34999999999997,314.65,11.700000000000003,0.5132909012854937,40,0.2925000000000001,90,0,1,Al2O3_DI_Water
180,00:15:00,326.54999999999995,314.4,12.149999999999999,0.5132909012854937,40,0.30374999999999996,90,0,1,Al2O3_DI_Water
181,00:15:05,326.75,314.4,12.350000000000001,0.5132909012854937,40,0.30875,90,0,1,Al2O3_DI_Water
182,00:15:10,326.95,314.4,12.549999999999997,0.5132909012854937,40,0.3137499999999999,90,0,1,Al2O3_DI_Water
183,00:15:15,326.95,313.9,13.049999999999997,0.5132909012854937,40,0.32624999999999993,90,0,1,Al2O3_DI_Water
184,00:15:20,327.34999999999997,314.4,12.950000000000003,0.5132909012854937,40,0.3237500000000001,90,0,1,Al2O3_DI_Water
185,00:15:25,327.34999999999997,313.9,13.450000000000003,0.5132909012854937,40,0.33625000000000005,90,0,1,Al2O3_DI_Water
186,00:15:30,327.34999999999997,314.4,12.950000000000003,0.5132909012854937,40,0.3237500000000001,90,0,1,Al2O3_DI_Water
187,00:15:35,327.54999999999995,314.4,13.149999999999999,0.5132909012854937,40,0.32875,90,0,1,Al2O3_DI_Water
188,00:15:40,327.34999999999997,314.65,12.700000000000003,0.5132909012854937,40,0.31750000000000006,90,0,1,Al2O3_DI_Water
189,00:15:45,327.95,314.65,13.299999999999997,0.5132909012854937,40,0.3324999999999999,90,0,1,Al2O3_DI_Water
190,00:15:50,328.15,314.65,13.5,0.5132909012854937,40,0.3375,90,0,1,Al2O3_DI_Water
191,00:15:55,327.95,314.65,13.299999999999997,0.5132909012854937,40,0.3324999999999999,90,0,1,Al2O3_DI_Water
192,00:16:00,328.34999999999997,314.65,13.700000000000003,0.5132909012854937,40,0.3425000000000001,90,0,1,Al2O3_DI_Water
193,00:16:05,328.54999999999995,314.65,13.899999999999999,0.5132909012854937,40,0.3475,90,0,1,Al2O3_DI_Water
194,00:16:10,328.75,314.65,14.100000000000001,0.5132909012854937,40,0.35250000000000004,90,0,1,Al2O3_DI_Water
195,00:16:15,328.75,315.15,13.600000000000001,0.5132909012854937,40,0.34,90,0,1,Al2O3_DI_Water
196,00:16:20,329.15,315.15,14.0,0.5132909012854937,40,0.35,90,0,1,Al2O3_DI_Water
197,00:16:25,328.95,315.4,13.549999999999997,0.5132909012854937,40,0.33874999999999994,90,0,1,Al2O3_DI_Water
198,00:16:30,329.15,315.4,13.75,0.5132909012854937,40,0.34375,90,0,1,Al2O3_DI_Water
199,00:16:35,329.15,315.4,13.75,0.5132909012854937,40,0.34375,90,0,1,Al2O3_DI_Water
200,00:16:40,329.15,315.4,13.75,0.5132909012854937,40,0.34375,90,0,1,Al2O3_DI_Water
201,00:16:45,329.15,315.4,13.75,0.5132909012854937,40,0.34375,90,0,1,Al2O3_DI_Water
202,00:16:50,329.15,315.4,13.75,0.5132909012854937,40,0.34375,90,0,1,Al2O3_DI_Water
203,00:16:55,329.34999999999997,315.4,13.950000000000003,0.5132909012854937,40,0.34875000000000006,90,0,1,Al2O3_DI_Water
204,00:17:00,329.34999999999997,315.4,13.950000000000003,0.5132909012854937,40,0.34875000000000006,90,0,1,Al2O3_DI_Water
205,00:17:05,329.34999999999997,315.4,13.950000000000003,0.5132909012854937,40,0.34875000000000006,90,0,1,Al2O3_DI_Water
206,00:17:10,329.54999999999995,315.4,14.149999999999999,0.5132909012854937,40,0.35374999999999995,90,0,1,Al2O3_DI_Water
207,00:17:15,329.75,315.4,14.350000000000001,0.5132909012854937,40,0.35875,90,0,1,Al2O3_DI_Water
208,00:17:20,329.75,315.4,14.350000000000001,0.5132909012854937,40,0.35875,90,0,1,Al2O3_DI_Water
209,00:17:25,329.95,315.4,14.549999999999997,0.5132909012854937,40,0.3637499999999999,90,0,1,Al2O3_DI_Water
210,00:17:30,330.34999999999997,315.4,14.950000000000003,0.5132909012854937,40,0.3737500000000001,90,0,1,Al2O3_DI_Water
211,00:17:35,330.34999999999997,315.4,14.950000000000003,0.5132909012854937,40,0.3737500000000001,90,0,1,Al2O3_DI_Water
212,00:17:40,330.15,315.4,14.75,0.5132909012854937,40,0.36875,90,0,1,Al2O3_DI_Water
213,00:17:45,330.15,315.65,14.5,0.5132909012854937,40,0.3625,90,0,1,Al2O3_DI_Water
214,00:17:50,330.54999999999995,315.4,15.149999999999999,0.5132909012854937,40,0.37875,90,0,1,Al2O3_DI_Water
215,00:17:55,330.54999999999995,315.4,15.149999999999999,0.5132909012854937,40,0.37875,90,0,1,Al2O3_DI_Water
216,00:18:00,330.75,315.4,15.350000000000001,0.5132909012854937,40,0.38375000000000004,90,0,1,Al2O3_DI_Water
217,00:18:05,330.75,315.4,15.350000000000001,0.5132909012854937,40,0.38375000000000004,90,0,1,Al2O3_DI_Water
218,00:18:10,331.15,315.4,15.75,0.5132909012854937,40,0.39375,90,0,1,Al2O3_DI_Water
219,00:18:15,331.15,315.9,15.25,0.5132909012854937,40,0.38125,90,0,1,Al2O3_DI_Water
220,00:18:20,331.34999999999997,315.9,15.450000000000003,0.5132909012854937,40,0.3862500000000001,90,0,1,Al2O3_DI_Water
221,00:18:25,330.95,316.15,14.799999999999997,0.5132909012854937,40,0.36999999999999994,90,0,1,Al2O3_DI_Water
222,00:18:30,331.15,316.15,15.0,0.5132909012854937,40,0.375,90,0,1,Al2O3_DI_Water
223,00:18:35,331.15,316.15,15.0,0.5132909012854937,40,0.375,90,0,1,Al2O3_DI_Water
224,00:18:40,331.15,315.9,15.25,0.5132909012854937,40,0.38125,90,0,1,Al2O3_DI_Water
225,00:18:45,331.15,316.15,15.0,0.5132909012854937,40,0.375,90,0,1,Al2O3_DI_Water
226,00:18:50,331.15,316.15,15.0,0.5132909012854937,40,0.375,90,0,1,Al2O3_DI_Water
227,00:18:55,331.34999999999997,316.15,15.200000000000003,0.5132909012854937,40,0.38000000000000006,90,0,1,Al2O3_DI_Water
228,00:19:00,331.75,316.15,15.600000000000001,0.5132909012854937,40,0.39,90,0,1,Al2O3_DI_Water
229,00:19:05,332.15,316.15,16.0,0.5132909012854937,40,0.4,90,0,1,Al2O3_DI_Water
230,00:19:10,331.95,316.15,15.799999999999997,0.5132909012854937,40,0.3949999999999999,90,0,1,Al2O3_DI_Water
231,00:19:15,331.95,316.15,15.799999999999997,0.5132909012854937,40,0.3949999999999999,90,0,1,Al2O3_DI_Water
232,00:19:20,332.15,316.15,16.0,0.5132909012854937,40,0.4,90,0,1,Al2O3_DI_Water
233,00:19:25,331.95,316.15,15.799999999999997,0.5132909012854937,40,0.3949999999999999,90,0,1,Al2O3_DI_Water
234,00:19:30,332.15,316.15,16.0,0.5132909012854937,40,0.4,90,0,1,Al2O3_DI_Water
235,00:19:35,332.34999999999997,316.15,16.200000000000003,0.5132909012854937,40,0.4050000000000001,90,0,1,Al2O3_DI_Water
236,00:19:40,332.34999999999997,316.15,16.200000000000003,0.5132909012854937,40,0.4050000000000001,90,0,1,Al2O3_DI_Water
237,00:19:45,332.34999999999997,316.15,16.200000000000003,0.5132909012854937,40,0.4050000000000001,90,0,1,Al2O3_DI_Water
238,00:19:50,332.34999999999997,316.15,16.200000000000003,0.5132909012854937,40,0.4050000000000001,90,0,1,Al2O3_DI_Water
239,00:19:55,332.34999999999997,316.15,16.200000000000003,0.5132909012854937,40,0.4050000000000001,90,0,1,Al2O3_DI_Water
240,00:20:00,332.54999999999995,316.15,16.4,0.5466214792910453,40,0.41,90,0,1,Al2O3_DI_Water
241,00:20:05,332.54999999999995,316.15,16.4,0.5466214792910453,40,0.41,90,0,1,Al2O3_DI_Water
242,00:20:10,332.54999999999995,316.4,16.15,0.5466214792910453,40,0.40374999999999994,90,0,1,Al2O3_DI_Water
243,00:20:15,333.15,316.4,16.75,0.5466214792910453,40,0.41875,90,0,1,Al2O3_DI_Water
244,00:20:20,332.95,316.15,16.799999999999997,0.5466214792910453,40,0.41999999999999993,90,0,1,Al2O3_DI_Water
245,00:20:25,332.95,316.15,16.799999999999997,0.5466214792910453,40,0.41999999999999993,90,0,1,Al2O3_DI_Water
246,00:20:30,332.95,316.15,16.799999999999997,0.5466214792910453,40,0.41999999999999993,90,0,1,Al2O3_DI_Water
247,00:20:35,332.95,316.15,16.799999999999997,0.5466214792910453,40,0.41999999999999993,90,0,1,Al2O3_DI_Water
248,00:20:40,333.15,316.9,16.25,0.5466214792910453,40,0.40625,90,0,1,Al2O3_DI_Water
249,00:20:45,333.15,317.15,16.0,0.5466214792910453,40,0.4,90,0,1,Al2O3_DI_Water
250,00:20:50,333.15,316.9,16.25,0.5466214792910453,40,0.40625,90,0,1,Al2O3_DI_Water
251,00:20:55,333.34999999999997,317.15,16.200000000000003,0.5466214792910453,40,0.4050000000000001,90,0,1,Al2O3_DI_Water
252,00:21:00,333.15,316.9,16.25,0.5466214792910453,40,0.40625,90,0,1,Al2O3_DI_Water
253,00:21:05,333.34999999999997,316.65,16.700000000000003,0.5466214792910453,40,0.4175000000000001,90,0,1,Al2O3_DI_Water
254,00:21:10,333.34999999999997,316.65,16.700000000000003,0.5466214792910453,40,0.4175000000000001,90,0,1,Al2O3_DI_Water
255,00:21:15,333.34999999999997,316.9,16.450000000000003,0.5466214792910453,40,0.41125000000000006,90,0,1,Al2O3_DI_Water
256,00:21:20,333.34999999999997,317.15,16.200000000000003,0.5466214792910453,40,0.4050000000000001,90,0,1,Al2O3_DI_Water
257,00:21:25,333.34999999999997,317.15,16.200000000000003,0.5466214792910453,40,0.4050000000000001,90,0,1,Al2O3_DI_Water
258,00:21:30,333.75,317.15,16.6,0.5466214792910453,40,0.41500000000000004,90,0,1,Al2O3_DI_Water
259,00:21:35,333.75,316.65,17.1,0.5466214792910453,40,0.42750000000000005,90,0,1,Al2O3_DI_Water
260,00:21:40,333.95,317.15,16.799999999999997,0.5466214792910453,40,0.41999999999999993,90,0,1,Al2O3_DI_Water
261,00:21:45,333.95,317.15,16.799999999999997,0.5466214792910453,40,0.41999999999999993,90,0,1,Al2O3_DI_Water
262,00:21:50,333.95,317.15,16.799999999999997,0.5466214792910453,40,0.41999999999999993,90,0,1,Al2O3_DI_Water
263,00:21:55,333.95,317.15,16.799999999999997,0.5466214792910453,40,0.41999999999999993,90,0,1,Al2O3_DI_Water
264,00:22:00,334.15,317.15,17.0,0.5466214792910453,40,0.425,90,0,1,Al2O3_DI_Water
265,00:22:05,334.34999999999997,317.15,17.200000000000003,0.5466214792910453,40,0.43000000000000005,90,0,1,Al2O3_DI_Water
266,00:22:10,334.34999999999997,317.15,17.200000000000003,0.5466214792910453,40,0.43000000000000005,90,0,1,Al2O3_DI_Water
267,00:22:15,334.54999999999995,317.15,17.4,0.5466214792910453,40,0.43499999999999994,90,0,1,Al2O3_DI_Water
268,00:22:20,334.54999999999995,317.15,17.4,0.5466214792910453,40,0.43499999999999994,90,0,1,Al2O3_DI_Water
269,00:22:25,334.34999999999997,317.15,17.200000000000003,0.5466214792910453,40,0.43000000000000005,90,0,1,Al2O3_DI_Water
270,00:22:30,334.75,317.15,17.6,0.5466214792910453,40,0.44000000000000006,90,0,1,Al2O3_DI_Water
271,00:22:35,334.54999999999995,317.15,17.4,0.5466214792910453,40,0.43499999999999994,90,0,1,Al2O3_DI_Water
272,00:22:40,334.54999999999995,317.15,17.4,0.5466214792910453,40,0.43499999999999994,90,0,1,Al2O3_DI_Water
273,00:22:45,334.54999999999995,317.15,17.4,0.5466214792910453,40,0.43499999999999994,90,0,1,Al2O3_DI_Water
274,00:22:50,334.75,317.15,17.6,0.5466214792910453,40,0.44000000000000006,90,0,1,Al2O3_DI_Water
275,00:22:55,334.75,317.15,17.6,0.5466214792910453,40,0.44000000000000006,90,0,1,Al2O3_DI_Water
276,00:23:00,334.54999999999995,317.15,17.4,0.5466214792910453,40,0.43499999999999994,90,0,1,Al2O3_DI_Water
277,00:23:05,334.95,317.15,17.799999999999997,0.5466214792910453,40,0.44499999999999995,90,0,1,Al2O3_DI_Water
278,00:23:10,334.75,317.15,17.6,0.5466214792910453,40,0.44000000000000006,90,0,1,Al2O3_DI_Water
279,00:23:15,334.95,317.15,17.799999999999997,0.5466214792910453,40,0.44499999999999995,90,0,1,Al2O3_DI_Water
280,00:23:20,334.95,317.15,17.799999999999997,0.5466214792910453,40,0.44499999999999995,90,0,1,Al2O3_DI_Water
281,00:23:25,334.95,317.15,17.799999999999997,0.5466214792910453,40,0.44499999999999995,90,0,1,Al2O3_DI_Water
282,00:23:30,335.15,317.15,18.0,0.5466214792910453,40,0.45,90,0,1,Al2O3_DI_Water
283,00:23:35,335.15,317.15,18.0,0.5466214792910453,40,0.45,90,0,1,Al2O3_DI_Water
284,00:23:40,335.34999999999997,317.9,17.450000000000003,0.5466214792910453,40,0.4362500000000001,90,0,1,Al2O3_DI_Water
285,00:23:45,335.54999999999995,317.9,17.65,0.5466214792910453,40,0.44125,90,0,1,Al2O3_DI_Water
286,00:23:50,335.34999999999997,317.9,17.450000000000003,0.5466214792910453,40,0.4362500000000001,90,0,1,Al2O3_DI_Water
287,00:23:55,335.54999999999995,318.15,17.4,0.5466214792910453,40,0.43499999999999994,90,0,1,Al2O3_DI_Water
288,00:24:00,335.34999999999997,318.15,17.200000000000003,0.5466214792910453,40,0.43000000000000005,90,0,1,Al2O3_DI_Water
289,00:24:05,335.15,318.15,17.0,0.5466214792910453,40,0.425,90,0,1,Al2O3_DI_Water
290,00:24:10,335.34999999999997,318.15,17.200000000000003,0.5466214792910453,40,0.43000000000000005,90,0,1,Al2O3_DI_Water
291,00:24:15,335.34999999999997,318.15,17.200000000000003,0.5466214792910453,40,0.43000000000000005,90,0,1,Al2O3_DI_Water
292,00:24:20,335.34999999999997,318.15,17.200000000000003,0.5466214792910453,40,0.43000000000000005,90,0,1,Al2O3_DI_Water
293,00:24:25,335.54999999999995,318.15,17.4,0.5466214792910453,40,0.43499999999999994,90,0,1,Al2O3_DI_Water
294,00:24:30,335.75,318.15,17.6,0.5466214792910453,40,0.44000000000000006,90,0,1,Al2O3_DI_Water
295,00:24:35,335.34999999999997,318.15,17.200000000000003,0.5466214792910453,40,0.43000000000000005,90,0,1,Al2O3_DI_Water
296,00:24:40,335.54999999999995,318.15,17.4,0.5799520572965968,40,0.43499999999999994,90,0,1,Al2O3_DI_Water
297,00:24:45,335.34999999999997,318.15,17.200000000000003,0.5799520572965968,40,0.43000000000000005,90,0,1,Al2O3_DI_Water
298,00:24:50,335.75,318.15,17.6,0.5799520572965968,40,0.44000000000000006,90,0,1,Al2O3_DI_Water
299,00:24:55,335.75,318.15,17.6,0.5799520572965968,40,0.44000000000000006,90,0,1,Al2O3_DI_Water
300,00:25:00,335.75,318.15,17.6,0.5799520572965968,40,0.44000000000000006,90,0,1,Al2O3_DI_Water
301,00:25:05,335.54999999999995,318.15,17.4,0.5799520572965968,40,0.43499999999999994,90,0,1,Al2O3_DI_Water
302,00:25:10,335.75,318.15,17.6,0.5799520572965968,40,0.44000000000000006,90,0,1,Al2O3_DI_Water
303,00:25:15,335.75,318.4,17.35,0.5799520572965968,40,0.43375,90,0,1,Al2O3_DI_Water
304,00:25:20,335.95,318.15,17.799999999999997,0.5799520572965968,40,0.44499999999999995,90,0,1,Al2O3_DI_Water
305,00:25:25,336.15,318.65,17.5,0.5799520572965968,40,0.4375,90,0,1,Al2O3_DI_Water
306,00:25:30,336.15,318.65,17.5,0.5799520572965968,40,0.4375,90,0,1,Al2O3_DI_Water
307,00:25:35,336.34999999999997,318.9,17.450000000000003,0.5799520572965968,40,0.4362500000000001,90,0,1,Al2O3_DI_Water
308,00:25:40,336.34999999999997,318.9,17.450000000000003,0.5799520572965968,40,0.4362500000000001,90,0,1,Al2O3_DI_Water
309,00:25:45,336.54999999999995,318.9,17.65,0.5799520572965968,40,0.44125,90,0,1,Al2O3_DI_Water
310,00:25:50,336.54999999999995,318.9,17.65,0.5799520572965968,40,0.44125,90,0,1,Al2O3_DI_Water
311,00:25:55,336.54999999999995,318.9,17.65,0.5799520572965968,40,0.44125,90,0,1,Al2O3_DI_Water
312,00:26:00,336.34999999999997,318.9,17.450000000000003,0.5799520572965968,40,0.4362500000000001,90,0,1,Al2O3_DI_Water
313,00:26:05,336.34999999999997,318.65,17.700000000000003,0.5799520572965968,40,0.44250000000000006,90,0,1,Al2O3_DI_Water
314,00:26:10,336.54999999999995,318.9,17.65,0.5799520572965968,40,0.44125,90,0,1,Al2O3_DI_Water
315,00:26:15,336.54999999999995,318.4,18.15,0.5799520572965968,40,0.45375,90,0,1,Al2O3_DI_Water
316,00:26:20,336.75,318.9,17.85,0.5799520572965968,40,0.44625000000000004,90,0,1,Al2O3_DI_Water
317,00:26:25,336.75,318.9,17.85,0.5799520572965968,40,0.44625000000000004,90,0,1,Al2O3_DI_Water
318,00:26:30,336.75,318.9,17.85,0.5799520572965968,40,0.44625000000000004,90,0,1,Al2O3_DI_Water
319,00:26:35,336.54999999999995,318.9,17.65,0.5799520572965968,40,0.44125,90,0,1,Al2O3_DI_Water
320,00:26:40,336.54999999999995,318.65,17.9,0.5799520572965968,40,0.44749999999999995,90,0,1,Al2O3_DI_Water
321,00:26:45,336.34999999999997,318.65,17.700000000000003,0.5799520572965968,40,0.44250000000000006,90,0,1,Al2O3_DI_Water
322,00:26:50,336.54999999999995,318.4,18.15,0.5799520572965968,40,0.45375,90,0,1,Al2O3_DI_Water
323,00:26:55,336.95,318.9,18.049999999999997,0.5799520572965968,40,0.45124999999999993,90,0,1,Al2O3_DI_Water
324,00:27:00,336.95,318.65,18.299999999999997,0.5799520572965968,40,0.4574999999999999,90,0,1,Al2O3_DI_Water
325,00:27:05,336.95,318.9,18.049999999999997,0.5799520572965968,40,0.45124999999999993,90,0,1,Al2O3_DI_Water
326,00:27:10,336.95,318.9,18.049999999999997,0.5799520572965968,40,0.45124999999999993,90,0,1,Al2O3_DI_Water
327,00:27:15,336.95,318.9,18.049999999999997,0.5799520572965968,40,0.45124999999999993,90,0,1,Al2O3_DI_Water
328,00:27:20,336.95,318.9,18.049999999999997,0.5799520572965968,40,0.45124999999999993,90,0,1,Al2O3_DI_Water
329,00:27:25,337.15,318.9,18.25,0.5799520572965968,40,0.45625,90,0,1,Al2O3_DI_Water
330,00:27:30,336.95,318.9,18.049999999999997,0.5799520572965968,40,0.45124999999999993,90,0,1,Al2O3_DI_Water
331,00:27:35,336.95,318.9,18.049999999999997,0.5799520572965968,40,0.45124999999999993,90,0,1,Al2O3_DI_Water
332,00:27:40,336.95,318.9,18.049999999999997,0.5799520572965968,40,0.45124999999999993,90,0,1,Al2O3_DI_Water
333,00:27:45,336.95,319.15,17.799999999999997,0.5799520572965968,40,0.44499999999999995,90,0,1,Al2O3_DI_Water
334,00:27:50,337.15,318.9,18.25,0.5799520572965968,40,0.45625,90,0,1,Al2O3_DI_Water
335,00:27:55,336.95,319.15,17.799999999999997,0.5799520572965968,40,0.44499999999999995,90,0,1,Al2O3_DI_Water
336,00:28:00,337.15,319.4,17.75,0.5799520572965968,40,0.44375,90,0,1,Al2O3_DI_Water
337,00:28:05,336.95,318.9,18.049999999999997,0.5799520572965968,40,0.45124999999999993,90,0,1,Al2O3_DI_Water
338,00:28:10,336.95,319.15,17.799999999999997,0.5799520572965968,40,0.44499999999999995,90,0,1,Al2O3_DI_Water
339,00:28:15,337.34999999999997,318.9,18.450000000000003,0.6132826353021483,40,0.46125000000000005,90,0,1,Al2O3_DI_Water
340,00:28:20,337.15,318.9,18.25,0.6132826353021483,40,0.45625,90,0,1,Al2O3_DI_Water
341,00:28:25,337.34999999999997,318.9,18.450000000000003,0.6132826353021483,40,0.46125000000000005,90,0,1,Al2O3_DI_Water
342,00:28:30,337.34999999999997,319.4,17.950000000000003,0.6132826353021483,40,0.4487500000000001,90,0,1,Al2O3_DI_Water
343,00:28:35,337.54999999999995,319.15,18.400000000000006,0.6132826353021483,40,0.46000000000000013,90,0,1,Al2O3_DI_Water
344,00:28:40,337.34999999999997,319.4,17.950000000000003,0.6132826353021483,40,0.4487500000000001,90,0,1,Al2O3_DI_Water
345,00:28:45,337.34999999999997,319.4,17.950000000000003,0.6132826353021483,40,0.4487500000000001,90,0,1,Al2O3_DI_Water
346,00:28:50,337.34999999999997,319.4,17.950000000000003,0.6132826353021483,40,0.4487500000000001,90,0,1,Al2O3_DI_Water
347,00:28:55,337.34999999999997,319.4,17.950000000000003,0.6132826353021483,40,0.4487500000000001,90,0,1,Al2O3_DI_Water
348,00:29:00,337.75,319.15,18.599999999999994,0.6132826353021483,40,0.46499999999999986,90,0,1,Al2O3_DI_Water
349,00:29:05,337.54999999999995,319.4,18.150000000000006,0.6132826353021483,40,0.45375000000000015,90,0,1,Al2O3_DI_Water
350,00:29:10,337.75,319.4,18.349999999999994,0.6132826353021483,40,0.4587499999999999,90,0,1,Al2O3_DI_Water
351,00:29:15,338.15,319.4,18.75,0.6132826353021483,40,0.46875,90,0,1,Al2O3_DI_Water
352,00:29:20,337.95,319.4,18.549999999999997,0.6132826353021483,40,0.46374999999999994,90,0,1,Al2O3_DI_Water
353,00:29:25,338.15,319.9,18.25,0.6132826353021483,40,0.45625,90,0,1,Al2O3_DI_Water
354,00:29:30,338.15,319.65,18.5,0.6132826353021483,40,0.4625,90,0,1,Al2O3_DI_Water
355,00:29:35,338.34999999999997,319.9,18.450000000000003,0.6132826353021483,40,0.46125000000000005,90,0,1,Al2O3_DI_Water
356,00:29:40,338.54999999999995,319.9,18.650000000000006,0.6132826353021483,40,0.46625000000000016,90,0,1,Al2O3_DI_Water
357,00:29:45,338.54999999999995,319.9,18.650000000000006,0.6132826353021483,40,0.46625000000000016,90,0,1,Al2O3_DI_Water
358,00:29:50,338.34999999999997,319.9,18.450000000000003,0.6132826353021483,40,0.46125000000000005,90,0,1,Al2O3_DI_Water
359,00:29:55,338.34999999999997,319.9,18.450000000000003,0.6132826353021483,40,0.46125000000000005,90,0,1,Al2O3_DI_Water
360,00:30:00,338.34999999999997,319.9,18.450000000000003,0.6132826353021483,40,0.46125000000000005,90,0,1,Al2O3_DI_Water
361,00:30:05,338.34999999999997,319.9,18.450000000000003,0.6132826353021483,40,0.46125000000000005,90,0,1,Al2O3_DI_Water
362,00:30:10,337.95,319.9,18.049999999999997,0.6132826353021483,40,0.45124999999999993,90,0,1,Al2O3_DI_Water
363,00:30:15,337.95,319.9,18.049999999999997,0.6132826353021483,40,0.45124999999999993,90,0,1,Al2O3_DI_Water
364,00:30:20,338.15,319.9,18.25,0.6132826353021483,40,0.45625,90,0,1,Al2O3_DI_Water
365,00:30:25,338.34999999999997,319.9,18.450000000000003,0.6132826353021483,40,0.46125000000000005,90,0,1,Al2O3_DI_Water
366,00:30:30,338.34999999999997,319.4,18.950000000000003,0.6132826353021483,40,0.47375000000000006,90,0,1,Al2O3_DI_Water
367,00:30:35,338.54999999999995,319.65,18.900000000000006,0.6132826353021483,40,0.47250000000000014,90,0,1,Al2O3_DI_Water
368,00:30:40,338.34999999999997,319.65,18.700000000000003,0.6132826353021483,40,0.4675000000000001,90,0,1,Al2O3_DI_Water
369,00:30:45,338.34999999999997,319.65,18.700000000000003,0.6132826353021483,40,0.4675000000000001,90,0,1,Al2O3_DI_Water
370,00:30:50,338.54999999999995,319.9,18.650000000000006,0.6132826353021483,40,0.46625000000000016,90,0,1,Al2O3_DI_Water
371,00:30:55,338.54999999999995,319.4,19.150000000000006,0.6132826353021483,40,0.4787500000000001,90,0,1,Al2O3_DI_Water
372,00:31:00,338.34999999999997,319.4,18.950000000000003,0.6132826353021483,40,0.47375000000000006,90,0,1,Al2O3_DI_Water
373,00:31:05,338.34999999999997,319.4,18.950000000000003,0.6132826353021483,40,0.47375000000000006,90,0,1,Al2O3_DI_Water
374,00:31:10,338.34999999999997,319.4,18.950000000000003,0.6132826353021483,40,0.47375000000000006,90,0,1,Al2O3_DI_Water
375,00:31:15,338.34999999999997,319.4,18.950000000000003,0.6132826353021483,40,0.47375000000000006,90,0,1,Al2O3_DI_Water
376,00:31:20,338.54999999999995,319.4,19.150000000000006,0.6132826353021483,40,0.4787500000000001,90,0,1,Al2O3_DI_Water
377,00:31:25,338.75,319.65,19.099999999999994,0.6132826353021483,40,0.47749999999999987,90,0,1,Al2O3_DI_Water
378,00:31:30,338.95,319.65,19.299999999999997,0.6132826353021483,40,0.48249999999999993,90,0,1,Al2O3_DI_Water
379,00:31:35,338.95,319.65,19.299999999999997,0.6132826353021483,40,0.48249999999999993,90,0,1,Al2O3_DI_Water
380,00:31:40,339.15,319.9,19.25,0.6132826353021483,40,0.48125,90,0,1,Al2O3_DI_Water
381,00:31:45,338.95,319.9,19.049999999999997,0.6132826353021483,40,0.47624999999999995,90,0,1,Al2O3_DI_Water
382,00:31:50,338.95,319.9,19.049999999999997,0.6132826353021483,40,0.47624999999999995,90,0,1,Al2O3_DI_Water
383,00:31:55,339.15,319.9,19.25,0.6132826353021483,40,0.48125,90,0,1,Al2O3_DI_Water
384,00:32:00,339.15,319.9,19.25,0.6132826353021483,40,0.48125,90,0,1,Al2O3_DI_Water
385,00:32:05,339.54999999999995,319.9,19.650000000000006,0.6132826353021483,40,0.49125000000000013,90,0,1,Al2O3_DI_Water
386,00:32:10,339.34999999999997,320.4,18.950000000000003,0.6132826353021483,40,0.47375000000000006,90,0,1,Al2O3_DI_Water
387,00:32:15,339.54999999999995,320.15,19.400000000000006,0.6132826353021483,40,0.48500000000000015,90,0,1,Al2O3_DI_Water
388,00:32:20,339.54999999999995,320.15,19.400000000000006,0.6132826353021483,40,0.48500000000000015,90,0,1,Al2O3_DI_Water
389,00:32:25,339.34999999999997,320.4,18.950000000000003,0.6132826353021483,40,0.47375000000000006,90,0,1,Al2O3_DI_Water
390,00:32:30,339.34999999999997,320.4,18.950000000000003,0.6132826353021483,40,0.47375000000000006,90,0,1,Al2O3_DI_Water
391,00:32:35,339.34999999999997,320.15,19.200000000000003,0.6132826353021483,40,0.4800000000000001,90,0,1,Al2O3_DI_Water
392,00:32:40,339.54999999999995,320.15,19.400000000000006,0.6132826353021483,40,0.48500000000000015,90,0,1,Al2O3_DI_Water
393,00:32:45,339.75,320.15,19.599999999999994,0.6132826353021483,40,0.4899999999999999,90,0,1,Al2O3_DI_Water
394,00:32:50,339.75,320.4,19.349999999999994,0.6132826353021483,40,0.48374999999999985,90,0,1,Al2O3_DI_Water
395,00:32:55,339.75,320.4,19.349999999999994,0.6132826353021483,40,0.48374999999999985,90,0,1,Al2O3_DI_Water
396,00:33:00,339.75,320.15,19.599999999999994,0.6132826353021483,40,0.4899999999999999,90,0,1,Al2O3_DI_Water
397,00:33:05,339.54999999999995,320.4,19.150000000000006,0.6132826353021483,40,0.4787500000000001,90,0,1,Al2O3_DI_Water
398,00:33:10,339.75,320.15,19.599999999999994,0.6132826353021483,40,0.4899999999999999,90,0,1,Al2O3_DI_Water
399,00:33:15,339.54999999999995,319.9,19.650000000000006,0.6132826353021483,40,0.49125000000000013,90,0,1,Al2O3_DI_Water
400,00:33:20,339.34999999999997,319.9,19.450000000000003,0.6132826353021483,40,0.48625000000000007,90,0,1,Al2O3_DI_Water
401,00:33:25,339.75,319.9,19.849999999999994,0.6132826353021483,40,0.49624999999999986,90,0,1,Al2O3_DI_Water
402,00:33:30,339.34999999999997,319.9,19.450000000000003,0.6132826353021483,40,0.48625000000000007,90,0,1,Al2O3_DI_Water
403,00:33:35,339.34999999999997,319.9,19.450000000000003,0.6132826353021483,40,0.48625000000000007,90,0,1,Al2O3_DI_Water
404,00:33:40,339.54999999999995,319.9,19.650000000000006,0.6132826353021483,40,0.49125000000000013,90,0,1,Al2O3_DI_Water
405,00:33:45,339.34999999999997,319.9,19.450000000000003,0.6132826353021483,40,0.48625000000000007,90,0,1,Al2O3_DI_Water
406,00:33:50,339.54999999999995,319.4,20.150000000000006,0.6132826353021483,40,0.5037500000000001,90,0,1,Al2O3_DI_Water
407,00:33:55,339.34999999999997,319.9,19.450000000000003,0.6132826353021483,40,0.48625000000000007,90,0,1,Al2O3_DI_Water
408,00:34:00,339.75,319.4,20.349999999999994,0.6132826353021483,40,0.5087499999999998,90,0,1,Al2O3_DI_Water
409,00:34:05,339.54999999999995,319.9,19.650000000000006,0.6132826353021483,40,0.49125000000000013,90,0,1,Al2O3_DI_Water
410,00:34:10,339.54999999999995,319.9,19.650000000000006,0.6132826353021483,40,0.49125000000000013,90,0,1,Al2O3_DI_Water
411,00:34:15,339.75,319.9,19.849999999999994,0.6132826353021483,40,0.49624999999999986,90,0,1,Al2O3_DI_Water
412,00:34:20,339.95,319.9,20.049999999999997,0.6132826353021483,40,0.50125,90,0,1,Al2O3_DI_Water
413,00:34:25,340.15,320.4,19.75,0.6132826353021483,40,0.49375,90,0,1,Al2O3_DI_Water
414,00:34:30,340.34999999999997,320.15,20.200000000000003,0.6132826353021483,40,0.5050000000000001,90,0,1,Al2O3_DI_Water
415,00:34:35,340.34999999999997,320.4,19.950000000000003,0.6132826353021483,40,0.4987500000000001,90,0,1,Al2O3_DI_Water
416,00:34:40,340.54999999999995,320.15,20.400000000000006,0.6132826353021483,40,0.5100000000000001,90,0,1,Al2O3_DI_Water
417,00:34:45,340.54999999999995,320.4,20.150000000000006,0.6132826353021483,40,0.5037500000000001,90,0,1,Al2O3_DI_Water
418,00:34:50,340.75,320.4,20.349999999999994,0.6132826353021483,40,0.5087499999999998,90,0,1,Al2O3_DI_Water
419,00:34:55,340.54999999999995,320.4,20.150000000000006,0.6132826353021483,40,0.5037500000000001,90,0,1,Al2O3_DI_Water
420,00:35:00,340.54999999999995,320.65,19.900000000000006,0.6132826353021483,40,0.49750000000000016,90,0,1,Al2O3_DI_Water
421,00:35:05,340.54999999999995,320.4,20.150000000000006,0.6132826353021483,40,0.5037500000000001,90,0,1,Al2O3_DI_Water
422,00:35:10,340.75,320.4,20.349999999999994,0.6132826353021483,40,0.5087499999999998,90,0,1,Al2O3_DI_Water
423,00:35:15,340.54999999999995,320.4,20.150000000000006,0.6132826353021483,40,0.5037500000000001,90,0,1,Al2O3_DI_Water
424,00:35:20,340.95,320.4,20.549999999999997,0.6132826353021483,40,0.5137499999999999,90,0,1,Al2O3_DI_Water
425,00:35:25,340.75,320.9,19.849999999999994,0.6132826353021483,40,0.49624999999999986,90,0,1,Al2O3_DI_Water
426,00:35:30,340.95,320.9,20.049999999999997,0.6132826353021483,40,0.50125,90,0,1,Al2O3_DI_Water
427,00:35:35,340.95,320.9,20.049999999999997,0.6132826353021483,40,0.50125,90,0,1,Al2O3_DI_Water
428,00:35:40,340.95,320.4,20.549999999999997,0.6132826353021483,40,0.5137499999999999,90,0,1,Al2O3_DI_Water
429,00:35:45,340.95,320.9,20.049999999999997,0.6132826353021483,40,0.50125,90,0,1,Al2O3_DI_Water
430,00:35:50,340.75,320.9,19.849999999999994,0.6132826353021483,40,0.49624999999999986,90,0,1,Al2O3_DI_Water
431,00:35:55,340.95,320.65,20.299999999999997,0.6132826353021483,40,0.5075,90,0,1,Al2O3_DI_Water
432,00:36:00,340.75,320.9,19.849999999999994,0.6132826353021483,40,0.49624999999999986,90,0,1,Al2O3_DI_Water
433,00:36:05,340.95,320.9,20.049999999999997,0.6132826353021483,40,0.50125,90,0,1,Al2O3_DI_Water
434,00:36:10,340.95,320.9,20.049999999999997,0.6132826353021483,40,0.50125,90,0,1,Al2O3_DI_Water
435,00:36:15,340.75,320.9,19.849999999999994,0.6132826353021483,40,0.49624999999999986,90,0,1,Al2O3_DI_Water
436,00:36:20,340.95,320.9,20.049999999999997,0.6132826353021483,40,0.50125,90,0,1,Al2O3_DI_Water
437,00:36:25,340.95,320.9,20.049999999999997,0.6132826353021483,40,0.50125,90,0,1,Al2O3_DI_Water
438,00:36:30,340.95,320.9,20.049999999999997,0.6132826353021483,40,0.50125,90,0,1,Al2O3_DI_Water
439,00:36:35,340.95,320.9,20.049999999999997,0.6132826353021483,40,0.50125,90,0,1,Al2O3_DI_Water
440,00:36:40,340.75,321.15,19.599999999999994,0.6132826353021483,40,0.4899999999999999,90,0,1,Al2O3_DI_Water
441,00:36:45,340.95,320.65,20.299999999999997,0.6132826353021483,40,0.5075,90,0,1,Al2O3_DI_Water
442,00:36:50,340.95,320.9,20.049999999999997,0.6132826353021483,40,0.50125,90,0,1,Al2O3_DI_Water
443,00:36:55,340.95,320.65,20.299999999999997,0.6132826353021483,40,0.5075,90,0,1,Al2O3_DI_Water
444,00:37:00,341.15,320.9,20.25,0.6132826353021483,40,0.50625,90,0,1,Al2O3_DI_Water
445,00:37:05,340.75,320.9,19.849999999999994,0.6132826353021483,40,0.49624999999999986,90,0,1,Al2O3_DI_Water
446,00:37:10,341.15,320.4,20.75,0.6132826353021483,40,0.51875,90,0,1,Al2O3_DI_Water
447,00:37:15,341.15,320.4,20.75,0.6132826353021483,40,0.51875,90,0,1,Al2O3_DI_Water
448,00:37:20,340.95,320.4,20.549999999999997,0.6132826353021483,40,0.5137499999999999,90,0,1,Al2O3_DI_Water
449,00:37:25,340.95,320.4,20.549999999999997,0.6132826353021483,40,0.5137499999999999,90,0,1,Al2O3_DI_Water
450,00:37:30,340.95,320.15,20.799999999999997,0.6132826353021483,40,0.5199999999999999,90,0,1,Al2O3_DI_Water
451,00:37:35,340.95,320.9,20.049999999999997,0.6132826353021483,40,0.50125,90,0,1,Al2O3_DI_Water
452,00:37:40,341.15,320.9,20.25,0.6132826353021483,40,0.50625,90,0,1,Al2O3_DI_Water
453,00:37:45,341.34999999999997,320.9,20.450000000000003,0.6132826353021483,40,0.5112500000000001,90,0,1,Al2O3_DI_Water
454,00:37:50,341.15,320.9,20.25,0.6132826353021483,40,0.50625,90,0,1,Al2O3_DI_Water
455,00:37:55,341.15,320.9,20.25,0.6132826353021483,40,0.50625,90,0,1,Al2O3_DI_Water
456,00:38:00,341.15,320.65,20.5,0.6132826353021483,40,0.5125,90,0,1,Al2O3_DI_Water
457,00:38:05,340.95,320.9,20.049999999999997,0.6132826353021483,40,0.50125,90,0,1,Al2O3_DI_Water
458,00:38:10,341.15,321.15,20.0,0.6132826353021483,40,0.5,90,0,1,Al2O3_DI_Water
459,00:38:15,341.15,321.15,20.0,0.6132826353021483,40,0.5,90,0,1,Al2O3_DI_Water
460,00:38:20,341.15,321.15,20.0,0.6132826353021483,40,0.5,90,0,1,Al2O3_DI_Water
461,00:38:25,341.34999999999997,321.4,19.950000000000003,0.6132826353021483,40,0.4987500000000001,90,0,1,Al2O3_DI_Water
462,00:38:30,341.15,321.4,19.75,0.6132826353021483,40,0.49375,90,0,1,Al2O3_DI_Water
463,00:38:35,341.15,321.15,20.0,0.6132826353021483,40,0.5,90,0,1,Al2O3_DI_Water
464,00:38:40,340.95,321.15,19.799999999999997,0.6132826353021483,40,0.49499999999999994,90,0,1,Al2O3_DI_Water
465,00:38:45,341.15,321.4,19.75,0.6132826353021483,40,0.49375,90,0,1,Al2O3_DI_Water
466,00:38:50,341.15,321.15,20.0,0.6132826353021483,40,0.5,90,0,1,Al2O3_DI_Water
467,00:38:55,340.95,321.4,19.549999999999997,0.6132826353021483,40,0.4887499999999999,90,0,1,Al2O3_DI_Water
468,00:39:00,341.15,321.15,20.0,0.6132826353021483,40,0.5,90,0,1,Al2O3_DI_Water
469,00:39:05,341.34999999999997,321.15,20.200000000000003,0.6132826353021483,40,0.5050000000000001,90,0,1,Al2O3_DI_Water
470,00:39:10,341.54999999999995,321.15,20.400000000000006,0.6132826353021483,40,0.5100000000000001,90,0,1,Al2O3_DI_Water
471,00:39:15,341.54999999999995,321.15,20.400000000000006,0.6132826353021483,40,0.5100000000000001,90,0,1,Al2O3_DI_Water
472,00:39:20,341.54999999999995,321.4,20.150000000000006,0.6132826353021483,40,0.5037500000000001,90,0,1,Al2O3_DI_Water
473,00:39:25,341.34999999999997,321.15,20.200000000000003,0.6132826353021483,40,0.5050000000000001,90,0,1,Al2O3_DI_Water
474,00:39:30,340.75,321.4,19.349999999999994,0.6132826353021483,40,0.48374999999999985,90,0,1,Al2O3_DI_Water
475,00:39:35,340.75,321.15,19.599999999999994,0.6132826353021483,40,0.4899999999999999,90,0,1,Al2O3_DI_Water
476,00:39:40,340.95,321.15,19.799999999999997,0.6132826353021483,40,0.49499999999999994,90,0,1,Al2O3_DI_Water
477,00:39:45,341.34999999999997,321.15,20.200000000000003,0.6132826353021483,40,0.5050000000000001,90,0,1,Al2O3_DI_Water
478,00:39:50,341.34999999999997,321.15,20.200000000000003,0.6132826353021483,40,0.5050000000000001,90,0,1,Al2O3_DI_Water
479,00:39:55,341.34999999999997,320.9,20.450000000000003,0.6132826353021483,40,0.5112500000000001,90,0,1,Al2O3_DI_Water
480,00:40:00,341.54999999999995,321.15,20.400000000000006,0.6132826353021483,40,0.5100000000000001,90,0,1,Al2O3_DI_Water
481,00:40:05,341.54999999999995,321.4,20.150000000000006,0.6132826353021483,40,0.5037500000000001,90,0,1,Al2O3_DI_Water
482,00:40:10,341.54999999999995,321.65,19.900000000000006,0.6132826353021483,40,0.49750000000000016,90,0,1,Al2O3_DI_Water
483,00:40:15,341.54999999999995,321.4,20.150000000000006,0.6132826353021483,40,0.5037500000000001,90,0,1,Al2O3_DI_Water
484,00:40:20,341.75,321.4,20.349999999999994,0.6132826353021483,40,0.5087499999999998,90,0,1,Al2O3_DI_Water
485,00:40:25,341.54999999999995,321.4,20.150000000000006,0.6132826353021483,40,0.5037500000000001,90,0,1,Al2O3_DI_Water
486,00:40:30,341.75,321.65,20.099999999999994,0.6132826353021483,40,0.5024999999999998,90,0,1,Al2O3_DI_Water
487,00:40:35,341.75,321.15,20.599999999999994,0.6132826353021483,40,0.5149999999999999,90,0,1,Al2O3_DI_Water
488,00:40:40,341.54999999999995,321.15,20.400000000000006,0.6132826353021483,40,0.5100000000000001,90,0,1,Al2O3_DI_Water
489,00:40:45,341.75,320.9,20.849999999999994,0.6132826353021483,40,0.5212499999999999,90,0,1,Al2O3_DI_Water
490,00:40:50,341.75,320.9,20.849999999999994,0.6132826353021483,40,0.5212499999999999,90,0,1,Al2O3_DI_Water
491,00:40:55,341.75,320.9,20.849999999999994,0.6132826353021483,40,0.5212499999999999,90,0,1,Al2O3_DI_Water
492,00:41:00,341.75,321.15,20.599999999999994,0.6132826353021483,40,0.5149999999999999,90,0,1,Al2O3_DI_Water
493,00:41:05,341.54999999999995,320.9,20.650000000000006,0.6132826353021483,40,0.5162500000000001,90,0,1,Al2O3_DI_Water
494,00:41:10,341.34999999999997,320.9,20.450000000000003,0.6132826353021483,40,0.5112500000000001,90,0,1,Al2O3_DI_Water
495,00:41:15,341.34999999999997,321.15,20.200000000000003,0.6132826353021483,40,0.5050000000000001,90,0,1,Al2O3_DI_Water
496,00:41:20,341.54999999999995,321.15,20.400000000000006,0.6132826353021483,40,0.5100000000000001,90,0,1,Al2O3_DI_Water
497,00:41:25,341.54999999999995,321.15,20.400000000000006,0.6132826353021483,40,0.5100000000000001,90,0,1,Al2O3_DI_Water
498,00:41:30,341.75,321.4,20.349999999999994,0.6132826353021483,40,0.5087499999999998,90,0,1,Al2O3_DI_Water
499,00:41:35,341.15,320.9,20.25,0.6132826353021483,40,0.50625,90,0,1,Al2O3_DI_Water
500,00:41:40,341.34999999999997,321.15,20.200000000000003,0.6132826353021483,40,0.5050000000000001,90,0,1,Al2O3_DI_Water
501,00:41:45,341.95,321.15,20.799999999999997,0.6132826353021483,40,0.5199999999999999,90,0,1,Al2O3_DI_Water
502,00:41:50,341.15,321.65,19.5,0.6132826353021483,40,0.4875,90,0,1,Al2O3_DI_Water
503,00:41:55,341.75,321.15,20.599999999999994,0.6132826353021483,40,0.5149999999999999,90,0,1,Al2O3_DI_Water
504,00:42:00,341.75,320.65,21.099999999999994,0.6132826353021483,40,0.5274999999999999,90,0,1,Al2O3_DI_Water
505,00:42:05,341.75,320.65,21.099999999999994,0.6132826353021483,40,0.5274999999999999,90,0,1,Al2O3_DI_Water
506,00:42:10,341.95,320.65,21.299999999999997,0.6132826353021483,40,0.5325,90,0,1,Al2O3_DI_Water
507,00:42:15,341.95,320.65,21.299999999999997,0.6132826353021483,40,0.5325,90,0,1,Al2O3_DI_Water
508,00:42:20,342.15,320.65,21.5,0.6466132133076999,40,0.5375,90,0,1,Al2O3_DI_Water
509,00:42:25,342.15,321.4,20.75,0.6466132133076999,40,0.51875,90,0,1,Al2O3_DI_Water
510,00:42:30,342.34999999999997,321.15,21.200000000000003,0.6466132133076999,40,0.53,90,0,1,Al2O3_DI_Water
511,00:42:35,342.34999999999997,321.15,21.200000000000003,0.6466132133076999,40,0.53,90,0,1,Al2O3_DI_Water
512,00:42:40,342.54999999999995,321.15,21.400000000000006,0.6466132133076999,40,0.5350000000000001,90,0,1,Al2O3_DI_Water
513,00:42:45,342.34999999999997,320.9,21.450000000000003,0.6466132133076999,40,0.5362500000000001,90,0,1,Al2O3_DI_Water
514,00:42:50,342.15,320.9,21.25,0.6466132133076999,40,0.53125,90,0,1,Al2O3_DI_Water
515,00:42:55,342.15,320.9,21.25,0.6466132133076999,40,0.53125,90,0,1,Al2O3_DI_Water
516,00:43:00,342.15,321.15,21.0,0.6466132133076999,40,0.525,90,0,1,Al2O3_DI_Water
517,00:43:05,342.34999999999997,321.15,21.200000000000003,0.6466132133076999,40,0.53,90,0,1,Al2O3_DI_Water
518,00:43:10,342.15,321.15,21.0,0.6466132133076999,40,0.525,90,0,1,Al2O3_DI_Water
519,00:43:15,342.15,320.65,21.5,0.6466132133076999,40,0.5375,90,0,1,Al2O3_DI_Water
520,00:43:20,342.15,320.9,21.25,0.6466132133076999,40,0.53125,90,0,1,Al2O3_DI_Water
521,00:43:25,341.95,320.4,21.549999999999997,0.6466132133076999,40,0.53875,90,0,1,Al2O3_DI_Water
522,00:43:30,342.34999999999997,320.4,21.950000000000003,0.6466132133076999,40,0.5487500000000001,90,0,1,Al2O3_DI_Water
523,00:43:35,342.34999999999997,320.65,21.700000000000003,0.6466132133076999,40,0.5425000000000001,90,0,1,Al2O3_DI_Water
524,00:43:40,342.34999999999997,320.4,21.950000000000003,0.6466132133076999,40,0.5487500000000001,90,0,1,Al2O3_DI_Water
525,00:43:45,342.34999999999997,320.65,21.700000000000003,0.6466132133076999,40,0.5425000000000001,90,0,1,Al2O3_DI_Water
526,00:43:50,342.54999999999995,320.65,21.900000000000006,0.6466132133076999,40,0.5475000000000001,90,0,1,Al2O3_DI_Water
527,00:43:55,342.54999999999995,320.9,21.650000000000006,0.6466132133076999,40,0.5412500000000001,90,0,1,Al2O3_DI_Water
528,00:44:00,342.34999999999997,321.15,21.200000000000003,0.6466132133076999,40,0.53,90,0,1,Al2O3_DI_Water
529,00:44:05,342.54999999999995,321.4,21.150000000000006,0.6466132133076999,40,0.5287500000000002,90,0,1,Al2O3_DI_Water
530,00:44:10,342.54999999999995,321.4,21.150000000000006,0.6466132133076999,40,0.5287500000000002,90,0,1,Al2O3_DI_Water
531,00:44:15,342.34999999999997,321.4,20.950000000000003,0.6466132133076999,40,0.52375,90,0,1,Al2O3_DI_Water
532,00:44:20,342.34999999999997,321.4,20.950000000000003,0.6466132133076999,40,0.52375,90,0,1,Al2O3_DI_Water
533,00:44:25,342.54999999999995,321.4,21.150000000000006,0.6466132133076999,40,0.5287500000000002,90,0,1,Al2O3_DI_Water
534,00:44:30,342.54999999999995,321.65,20.900000000000006,0.6466132133076999,40,0.5225000000000002,90,0,1,Al2O3_DI_Water
535,00:44:35,342.54999999999995,321.4,21.150000000000006,0.6466132133076999,40,0.5287500000000002,90,0,1,Al2O3_DI_Water
536,00:44:40,342.95,321.4,21.549999999999997,0.6466132133076999,40,0.53875,90,0,1,Al2O3_DI_Water
537,00:44:45,342.75,321.4,21.349999999999994,0.6466132133076999,40,0.5337499999999998,90,0,1,Al2O3_DI_Water
538,00:44:50,342.54999999999995,321.4,21.150000000000006,0.6466132133076999,40,0.5287500000000002,90,0,1,Al2O3_DI_Water
539,00:44:55,342.95,321.4,21.549999999999997,0.6466132133076999,40,0.53875,90,0,1,Al2O3_DI_Water
540,00:45:00,342.95,321.4,21.549999999999997,0.6466132133076999,40,0.53875,90,0,1,Al2O3_DI_Water
541,00:45:05,342.75,321.4,21.349999999999994,0.6466132133076999,40,0.5337499999999998,90,0,1,Al2O3_DI_Water
542,00:45:10,343.15,321.4,21.75,0.6466132133076999,40,0.54375,90,0,1,Al2O3_DI_Water
543,00:45:15,343.15,321.4,21.75,0.6466132133076999,40,0.54375,90,0,1,Al2O3_DI_Water
544,00:45:20,343.15,321.4,21.75,0.6466132133076999,40,0.54375,90,0,1,Al2O3_DI_Water
545,00:45:25,342.75,321.4,21.349999999999994,0.6466132133076999,40,0.5337499999999998,90,0,1,Al2O3_DI_Water
546,00:45:30,342.95,321.15,21.799999999999997,0.6466132133076999,40,0.5449999999999999,90,0,1,Al2O3_DI_Water
547,00:45:35,342.75,321.15,21.599999999999994,0.6466132133076999,40,0.5399999999999998,90,0,1,Al2O3_DI_Water
548,00:45:40,342.75,320.9,21.849999999999994,0.6466132133076999,40,0.5462499999999999,90,0,1,Al2O3_DI_Water
549,00:45:45,342.75,320.9,21.849999999999994,0.6466132133076999,40,0.5462499999999999,90,0,1,Al2O3_DI_Water
550,00:45:50,342.54999999999995,320.65,21.900000000000006,0.6466132133076999,40,0.5475000000000001,90,0,1,Al2O3_DI_Water
551,00:45:55,342.75,321.15,21.599999999999994,0.6466132133076999,40,0.5399999999999998,90,0,1,Al2O3_DI_Water
552,00:46:00,342.75,321.4,21.349999999999994,0.6466132133076999,40,0.5337499999999998,90,0,1,Al2O3_DI_Water
553,00:46:05,342.75,321.15,21.599999999999994,0.6466132133076999,40,0.5399999999999998,90,0,1,Al2O3_DI_Water
554,00:46:10,342.54999999999995,320.9,21.650000000000006,0.6466132133076999,40,0.5412500000000001,90,0,1,Al2O3_DI_Water
555,00:46:15,342.34999999999997,321.15,21.200000000000003,0.6466132133076999,40,0.53,90,0,1,Al2O3_DI_Water
556,00:46:20,342.34999999999997,320.65,21.700000000000003,0.6466132133076999,40,0.5425000000000001,90,0,1,Al2O3_DI_Water
557,00:46:25,342.54999999999995,321.15,21.400000000000006,0.6466132133076999,40,0.5350000000000001,90,0,1,Al2O3_DI_Water
558,00:46:30,342.54999999999995,321.15,21.400000000000006,0.6466132133076999,40,0.5350000000000001,90,0,1,Al2O3_DI_Water
559,00:46:35,342.54999999999995,320.9,21.650000000000006,0.6466132133076999,40,0.5412500000000001,90,0,1,Al2O3_DI_Water
560,00:46:40,342.54999999999995,320.65,21.900000000000006,0.6466132133076999,40,0.5475000000000001,90,0,1,Al2O3_DI_Water
561,00:46:45,342.15,320.9,21.25,0.6466132133076999,40,0.53125,90,0,1,Al2O3_DI_Water
562,00:46:50,342.34999999999997,321.15,21.200000000000003,0.6466132133076999,40,0.53,90,0,1,Al2O3_DI_Water
563,00:46:55,342.34999999999997,320.9,21.450000000000003,0.6466132133076999,40,0.5362500000000001,90,0,1,Al2O3_DI_Water
564,00:47:00,342.34999999999997,321.15,21.200000000000003,0.6466132133076999,40,0.53,90,0,1,Al2O3_DI_Water
565,00:47:05,342.34999999999997,321.65,20.700000000000003,0.6466132133076999,40,0.5175000000000001,90,0,1,Al2O3_DI_Water
566,00:47:10,342.54999999999995,321.4,21.150000000000006,0.6466132133076999,40,0.5287500000000002,90,0,1,Al2O3_DI_Water
567,00:47:15,342.75,321.15,21.599999999999994,0.6466132133076999,40,0.5399999999999998,90,0,1,Al2O3_DI_Water
568,00:47:20,342.54999999999995,321.15,21.400000000000006,0.6466132133076999,40,0.5350000000000001,90,0,1,Al2O3_DI_Water
569,00:47:25,342.54999999999995,321.65,20.900000000000006,0.6466132133076999,40,0.5225000000000002,90,0,1,Al2O3_DI_Water
570,00:47:30,342.54999999999995,321.4,21.150000000000006,0.6466132133076999,40,0.5287500000000002,90,0,1,Al2O3_DI_Water
571,00:47:35,342.54999999999995,321.65,20.900000000000006,0.6466132133076999,40,0.5225000000000002,90,0,1,Al2O3_DI_Water
572,00:47:40,342.75,321.65,21.099999999999994,0.6466132133076999,40,0.5274999999999999,90,0,1,Al2O3_DI_Water
573,00:47:45,342.54999999999995,321.65,20.900000000000006,0.6466132133076999,40,0.5225000000000002,90,0,1,Al2O3_DI_Water
574,00:47:50,343.15,321.65,21.5,0.6466132133076999,40,0.5375,90,0,1,Al2O3_DI_Water
575,00:47:55,343.15,321.65,21.5,0.6466132133076999,40,0.5375,90,0,1,Al2O3_DI_Water
576,00:48:00,342.95,321.65,21.299999999999997,0.6466132133076999,40,0.5325,90,0,1,Al2O3_DI_Water
577,00:48:05,342.95,321.65,21.299999999999997,0.6466132133076999,40,0.5325,90,0,1,Al2O3_DI_Water
578,00:48:10,342.95,321.65,21.299999999999997,0.6466132133076999,40,0.5325,90,0,1,Al2O3_DI_Water
579,00:48:15,342.75,321.65,21.099999999999994,0.6466132133076999,40,0.5274999999999999,90,0,1,Al2O3_DI_Water
580,00:48:20,342.75,321.65,21.099999999999994,0.6466132133076999,40,0.5274999999999999,90,0,1,Al2O3_DI_Water
581,00:48:25,342.75,321.65,21.099999999999994,0.6466132133076999,40,0.5274999999999999,90,0,1,Al2O3_DI_Water
582,00:48:30,342.95,321.65,21.299999999999997,0.6466132133076999,40,0.5325,90,0,1,Al2O3_DI_Water
583,00:48:35,342.75,321.65,21.099999999999994,0.6466132133076999,40,0.5274999999999999,90,0,1,Al2O3_DI_Water
584,00:48:40,342.75,321.65,21.099999999999994,0.6466132133076999,40,0.5274999999999999,90,0,1,Al2O3_DI_Water
585,00:48:45,343.34999999999997,321.65,21.700000000000003,0.6466132133076999,40,0.5425000000000001,90,0,1,Al2O3_DI_Water
586,00:48:50,343.34999999999997,321.65,21.700000000000003,0.6466132133076999,40,0.5425000000000001,90,0,1,Al2O3_DI_Water
587,00:48:55,343.15,321.65,21.5,0.6466132133076999,40,0.5375,90,0,1,Al2O3_DI_Water
588,00:49:00,343.34999999999997,322.15,21.200000000000003,0.6466132133076999,40,0.53,90,0,1,Al2O3_DI_Water
589,00:49:05,343.34999999999997,322.15,21.200000000000003,0.6466132133076999,40,0.53,90,0,1,Al2O3_DI_Water
590,00:49:10,343.34999999999997,321.65,21.700000000000003,0.6466132133076999,40,0.5425000000000001,90,0,1,Al2O3_DI_Water
591,00:49:15,343.15,321.65,21.5,0.6466132133076999,40,0.5375,90,0,1,Al2O3_DI_Water
592,00:49:20,343.15,321.65,21.5,0.6466132133076999,40,0.5375,90,0,1,Al2O3_DI_Water
593,00:49:25,343.15,321.65,21.5,0.6466132133076999,40,0.5375,90,0,1,Al2O3_DI_Water
594,00:49:30,342.95,321.65,21.299999999999997,0.6466132133076999,40,0.5325,90,0,1,Al2O3_DI_Water
595,00:49:35,342.95,321.65,21.299999999999997,0.6466132133076999,40,0.5325,90,0,1,Al2O3_DI_Water
596,00:49:40,343.15,321.4,21.75,0.6466132133076999,40,0.54375,90,0,1,Al2O3_DI_Water
597,00:49:45,343.15,321.4,21.75,0.6466132133076999,40,0.54375,90,0,1,Al2O3_DI_Water
598,00:49:50,342.95,321.4,21.549999999999997,0.6466132133076999,40,0.53875,90,0,1,Al2O3_DI_Water
599,00:49:55,343.15,321.4,21.75,0.6466132133076999,40,0.54375,90,0,1,Al2O3_DI_Water
600,00:50:00,343.34999999999997,321.4,21.950000000000003,0.6466132133076999,40,0.5487500000000001,90,0,1,Al2O3_DI_Water
601,00:50:05,343.15,321.65,21.5,0.6466132133076999,40,0.5375,90,0,1,Al2O3_DI_Water
602,00:50:10,343.15,321.65,21.5,0.6466132133076999,40,0.5375,90,0,1,Al2O3_DI_Water
603,00:50:15,343.15,321.65,21.5,0.6466132133076999,40,0.5375,90,0,1,Al2O3_DI_Water
604,00:50:20,343.15,321.4,21.75,0.6466132133076999,40,0.54375,90,0,1,Al2O3_DI_Water
605,00:50:25,343.34999999999997,321.4,21.950000000000003,0.6466132133076999,40,0.5487500000000001,90,0,1,Al2O3_DI_Water
606,00:50:30,343.15,321.4,21.75,0.6466132133076999,40,0.54375,90,0,1,Al2O3_DI_Water
607,00:50:35,343.54999999999995,321.4,22.150000000000006,0.6466132133076999,40,0.5537500000000002,90,0,1,Al2O3_DI_Water
608,00:50:40,343.34999999999997,321.65,21.700000000000003,0.6466132133076999,40,0.5425000000000001,90,0,1,Al2O3_DI_Water
609,00:50:45,343.34999999999997,321.65,21.700000000000003,0.6466132133076999,40,0.5425000000000001,90,0,1,Al2O3_DI_Water
610,00:50:50,343.15,321.9,21.25,0.6466132133076999,40,0.53125,90,0,1,Al2O3_DI_Water
611,00:50:55,343.15,321.65,21.5,0.6466132133076999,40,0.5375,90,0,1,Al2O3_DI_Water
612,00:51:00,343.15,321.9,21.25,0.6466132133076999,40,0.53125,90,0,1,Al2O3_DI_Water
613,00:51:05,343.54999999999995,321.9,21.650000000000006,0.6466132133076999,40,0.5412500000000001,90,0,1,Al2O3_DI_Water
614,00:51:10,343.54999999999995,321.65,21.900000000000006,0.6466132133076999,40,0.5475000000000001,90,0,1,Al2O3_DI_Water
615,00:51:15,343.54999999999995,321.65,21.900000000000006,0.6466132133076999,40,0.5475000000000001,90,0,1,Al2O3_DI_Water
616,00:51:20,343.34999999999997,321.9,21.450000000000003,0.6466132133076999,40,0.5362500000000001,90,0,1,Al2O3_DI_Water
617,00:51:25,343.34999999999997,321.9,21.450000000000003,0.6466132133076999,40,0.5362500000000001,90,0,1,Al2O3_DI_Water
618,00:51:30,343.34999999999997,321.65,21.700000000000003,0.6466132133076999,40,0.5425000000000001,90,0,1,Al2O3_DI_Water
619,00:51:35,343.54999999999995,321.65,21.900000000000006,0.6466132133076999,40,0.5475000000000001,90,0,1,Al2O3_DI_Water
620,00:51:40,343.54999999999995,321.9,21.650000000000006,0.6466132133076999,40,0.5412500000000001,90,0,1,Al2O3_DI_Water
621,00:51:45,343.54999999999995,321.65,21.900000000000006,0.6466132133076999,40,0.5475000000000001,90,0,1,Al2O3_DI_Water
622,00:51:50,343.75,321.65,22.099999999999994,0.6466132133076999,40,0.5524999999999999,90,0,1,Al2O3_DI_Water
623,00:51:55,343.54999999999995,321.65,21.900000000000006,0.6466132133076999,40,0.5475000000000001,90,0,1,Al2O3_DI_Water
624,00:52:00,343.54999999999995,321.65,21.900000000000006,0.6466132133076999,40,0.5475000000000001,90,0,1,Al2O3_DI_Water
625,00:52:05,343.54999999999995,321.65,21.900000000000006,0.6466132133076999,40,0.5475000000000001,90,0,1,Al2O3_DI_Water
626,00:52:10,343.34999999999997,321.4,21.950000000000003,0.6466132133076999,40,0.5487500000000001,90,0,1,Al2O3_DI_Water
627,00:52:15,343.54999999999995,321.4,22.150000000000006,0.6466132133076999,40,0.5537500000000002,90,0,1,Al2O3_DI_Water
628,00:52:20,343.54999999999995,321.4,22.150000000000006,0.6466132133076999,40,0.5537500000000002,90,0,1,Al2O3_DI_Water
629,00:52:25,343.75,321.65,22.099999999999994,0.6466132133076999,40,0.5524999999999999,90,0,1,Al2O3_DI_Water
630,00:52:30,343.75,321.65,22.099999999999994,0.6466132133076999,40,0.5524999999999999,90,0,1,Al2O3_DI_Water
631,00:52:35,343.75,321.65,22.099999999999994,0.6466132133076999,40,0.5524999999999999,90,0,1,Al2O3_DI_Water
632,00:52:40,343.54999999999995,321.65,21.900000000000006,0.6466132133076999,40,0.5475000000000001,90,0,1,Al2O3_DI_Water
633,00:52:45,343.54999999999995,321.65,21.900000000000006,0.6466132133076999,40,0.5475000000000001,90,0,1,Al2O3_DI_Water
634,00:52:50,343.54999999999995,321.65,21.900000000000006,0.6466132133076999,40,0.5475000000000001,90,0,1,Al2O3_DI_Water
635,00:52:55,343.54999999999995,321.65,21.900000000000006,0.6466132133076999,40,0.5475000000000001,90,0,1,Al2O3_DI_Water
636,00:53:00,343.54999999999995,321.65,21.900000000000006,0.6466132133076999,40,0.5475000000000001,90,0,1,Al2O3_DI_Water
637,00:53:05,343.54999999999995,321.65,21.900000000000006,0.6466132133076999,40,0.5475000000000001,90,0,1,Al2O3_DI_Water
638,00:53:10,343.75,321.65,22.099999999999994,0.6466132133076999,40,0.5524999999999999,90,0,1,Al2O3_DI_Water
639,00:53:15,343.75,321.65,22.099999999999994,0.6466132133076999,40,0.5524999999999999,90,0,1,Al2O3_DI_Water
640,00:53:20,343.54999999999995,321.9,21.650000000000006,0.6466132133076999,40,0.5412500000000001,90,0,1,Al2O3_DI_Water
641,00:53:25,343.95,321.9,22.049999999999997,0.6466132133076999,40,0.5512499999999999,90,0,1,Al2O3_DI_Water
642,00:53:30,343.95,322.15,21.799999999999997,0.6466132133076999,40,0.5449999999999999,90,0,1,Al2O3_DI_Water
643,00:53:35,343.95,322.65,21.299999999999997,0.6466132133076999,40,0.5325,90,0,1,Al2O3_DI_Water
644,00:53:40,343.95,322.65,21.299999999999997,0.6466132133076999,40,0.5325,90,0,1,Al2O3_DI_Water
645,00:53:45,343.54999999999995,322.4,21.150000000000006,0.6466132133076999,40,0.5287500000000002,90,0,1,Al2O3_DI_Water
646,00:53:50,343.54999999999995,321.9,21.650000000000006,0.6466132133076999,40,0.5412500000000001,90,0,1,Al2O3_DI_Water
647,00:53:55,343.54999999999995,322.4,21.150000000000006,0.6466132133076999,40,0.5287500000000002,90,0,1,Al2O3_DI_Water
648,00:54:00,343.54999999999995,322.15,21.400000000000006,0.6466132133076999,40,0.5350000000000001,90,0,1,Al2O3_DI_Water
649,00:54:05,343.54999999999995,322.65,20.900000000000006,0.6466132133076999,40,0.5225000000000002,90,0,1,Al2O3_DI_Water
650,00:54:10,343.75,322.65,21.099999999999994,0.6466132133076999,40,0.5274999999999999,90,0,1,Al2O3_DI_Water
651,00:54:15,343.34999999999997,322.4,20.950000000000003,0.6466132133076999,40,0.52375,90,0,1,Al2O3_DI_Water
652,00:54:20,343.54999999999995,322.65,20.900000000000006,0.6466132133076999,40,0.5225000000000002,90,0,1,Al2O3_DI_Water
653,00:54:25,343.54999999999995,322.9,20.650000000000006,0.6466132133076999,40,0.5162500000000001,90,0,1,Al2O3_DI_Water
654,00:54:30,343.95,322.65,21.299999999999997,0.6466132133076999,40,0.5325,90,0,1,Al2O3_DI_Water
655,00:54:35,343.95,322.9,21.049999999999997,0.6466132133076999,40,0.5262499999999999,90,0,1,Al2O3_DI_Water
656,00:54:40,343.75,322.65,21.099999999999994,0.6466132133076999,40,0.5274999999999999,90,0,1,Al2O3_DI_Water
657,00:54:45,343.75,323.15,20.599999999999994,0.6466132133076999,40,0.5149999999999999,90,0,1,Al2O3_DI_Water
658,00:54:50,344.15,322.9,21.25,0.6466132133076999,40,0.53125,90,0,1,Al2O3_DI_Water
659,00:54:55,343.75,322.65,21.099999999999994,0.6466132133076999,40,0.5274999999999999,90,0,1,Al2O3_DI_Water
660,00:55:00,343.75,322.65,21.099999999999994,0.6466132133076999,40,0.5274999999999999,90,0,1,Al2O3_DI_Water
661,00:55:05,343.75,322.65,21.099999999999994,0.6466132133076999,40,0.5274999999999999,90,0,1,Al2O3_DI_Water
662,00:55:10,343.95,322.9,21.049999999999997,0.6466132133076999,40,0.5262499999999999,90,0,1,Al2O3_DI_Water
663,00:55:15,343.95,323.15,20.799999999999997,0.6466132133076999,40,0.5199999999999999,90,0,1,Al2O3_DI_Water
664,00:55:20,343.95,322.9,21.049999999999997,0.6466132133076999,40,0.5262499999999999,90,0,1,Al2O3_DI_Water
665,00:55:25,343.95,322.9,21.049999999999997,0.6466132133076999,40,0.5262499999999999,90,0,1,Al2O3_DI_Water
666,00:55:30,344.15,322.9,21.25,0.6466132133076999,40,0.53125,90,0,1,Al2O3_DI_Water
667,00:55:35,344.15,322.9,21.25,0.6466132133076999,40,0.53125,90,0,1,Al2O3_DI_Water
668,00:55:40,344.34999999999997,322.9,21.450000000000003,0.6466132133076999,40,0.5362500000000001,90,0,1,Al2O3_DI_Water
669,00:55:45,344.15,322.9,21.25,0.6466132133076999,40,0.53125,90,0,1,Al2O3_DI_Water
670,00:55:50,344.34999999999997,322.9,21.450000000000003,0.6466132133076999,40,0.5362500000000001,90,0,1,Al2O3_DI_Water
671,00:55:55,344.15,322.9,21.25,0.6466132133076999,40,0.53125,90,0,1,Al2O3_DI_Water
672,00:56:00,344.15,322.65,21.5,0.6466132133076999,40,0.5375,90,0,1,Al2O3_DI_Water
673,00:56:05,344.15,322.65,21.5,0.6466132133076999,40,0.5375,90,0,1,Al2O3_DI_Water
674,00:56:10,343.95,322.65,21.299999999999997,0.6466132133076999,40,0.5325,90,0,1,Al2O3_DI_Water
675,00:56:15,344.15,322.65,21.5,0.6466132133076999,40,0.5375,90,0,1,Al2O3_DI_Water
676,00:56:20,344.15,322.65,21.5,0.6466132133076999,40,0.5375,90,0,1,Al2O3_DI_Water
677,00:56:25,344.15,322.4,21.75,0.6466132133076999,40,0.54375,90,0,1,Al2O3_DI_Water
678,00:56:30,344.15,322.4,21.75,0.6466132133076999,40,0.54375,90,0,1,Al2O3_DI_Water
679,00:56:35,343.95,322.4,21.549999999999997,0.6466132133076999,40,0.53875,90,0,1,Al2O3_DI_Water
680,00:56:40,344.15,322.15,22.0,0.6466132133076999,40,0.55,90,0,1,Al2O3_DI_Water
681,00:56:45,344.34999999999997,321.9,22.450000000000003,0.6466132133076999,40,0.56125,90,0,1,Al2O3_DI_Water
682,00:56:50,344.15,321.9,22.25,0.6466132133076999,40,0.55625,90,0,1,Al2O3_DI_Water
683,00:56:55,343.75,321.65,22.099999999999994,0.6466132133076999,40,0.5524999999999999,90,0,1,Al2O3_DI_Water
684,00:57:00,343.95,321.9,22.049999999999997,0.6466132133076999,40,0.5512499999999999,90,0,1,Al2O3_DI_Water
685,00:57:05,343.95,321.9,22.049999999999997,0.6466132133076999,40,0.5512499999999999,90,0,1,Al2O3_DI_Water
686,00:57:10,343.95,321.9,22.049999999999997,0.6466132133076999,40,0.5512499999999999,90,0,1,Al2O3_DI_Water
687,00:57:15,343.95,321.65,22.299999999999997,0.6466132133076999,40,0.5574999999999999,90,0,1,Al2O3_DI_Water
688,00:57:20,343.95,321.9,22.049999999999997,0.6466132133076999,40,0.5512499999999999,90,0,1,Al2O3_DI_Water
689,00:57:25,344.15,321.9,22.25,0.6466132133076999,40,0.55625,90,0,1,Al2O3_DI_Water
690,00:57:30,343.95,321.9,22.049999999999997,0.6466132133076999,40,0.5512499999999999,90,0,1,Al2O3_DI_Water
691,00:57:35,343.95,322.4,21.549999999999997,0.6466132133076999,40,0.53875,90,0,1,Al2O3_DI_Water
692,00:57:40,343.95,321.9,22.049999999999997,0.6466132133076999,40,0.5512499999999999,90,0,1,Al2O3_DI_Water
693,00:57:45,343.95,321.9,22.049999999999997,0.6466132133076999,40,0.5512499999999999,90,0,1,Al2O3_DI_Water
694,00:57:50,343.95,321.9,22.049999999999997,0.6466132133076999,40,0.5512499999999999,90,0,1,Al2O3_DI_Water
695,00:57:55,344.15,321.9,22.25,0.6466132133076999,40,0.55625,90,0,1,Al2O3_DI_Water
696,00:58:00,344.15,322.4,21.75,0.6466132133076999,40,0.54375,90,0,1,Al2O3_DI_Water
697,00:58:05,344.34999999999997,322.4,21.950000000000003,0.6466132133076999,40,0.5487500000000001,90,0,1,Al2O3_DI_Water
698,00:58:10,344.34999999999997,322.65,21.700000000000003,0.6466132133076999,40,0.5425000000000001,90,0,1,Al2O3_DI_Water
699,00:58:15,344.75,322.65,22.099999999999994,0.6466132133076999,40,0.5524999999999999,90,0,1,Al2O3_DI_Water
700,00:58:20,344.75,322.65,22.099999999999994,0.6466132133076999,40,0.5524999999999999,90,0,1,Al2O3_DI_Water
701,00:58:25,344.95,322.65,22.299999999999997,0.6466132133076999,40,0.5574999999999999,90,0,1,Al2O3_DI_Water
702,00:58:30,344.95,322.65,22.299999999999997,0.6466132133076999,40,0.5574999999999999,90,0,1,Al2O3_DI_Water
703,00:58:35,344.75,322.65,22.099999999999994,0.6466132133076999,40,0.5524999999999999,90,0,1,Al2O3_DI_Water
704,00:58:40,344.54999999999995,322.65,21.900000000000006,0.6466132133076999,40,0.5475000000000001,90,0,1,Al2O3_DI_Water
705,00:58:45,344.75,322.65,22.099999999999994,0.6466132133076999,40,0.5524999999999999,90,0,1,Al2O3_DI_Water
706,00:58:50,344.54999999999995,322.65,21.900000000000006,0.6466132133076999,40,0.5475000000000001,90,0,1,Al2O3_DI_Water
707,00:58:55,344.75,322.65,22.099999999999994,0.6466132133076999,40,0.5524999999999999,90,0,1,Al2O3_DI_Water
708,00:59:00,344.54999999999995,322.65,21.900000000000006,0.6466132133076999,40,0.5475000000000001,90,0,1,Al2O3_DI_Water
709,00:59:05,344.54999999999995,322.65,21.900000000000006,0.6466132133076999,40,0.5475000000000001,90,0,1,Al2O3_DI_Water
710,00:59:10,344.54999999999995,322.65,21.900000000000006,0.6466132133076999,40,0.5475000000000001,90,0,1,Al2O3_DI_Water
711,00:59:15,344.54999999999995,322.4,22.150000000000006,0.6466132133076999,40,0.5537500000000002,90,0,1,Al2O3_DI_Water
712,00:59:20,344.34999999999997,322.65,21.700000000000003,0.6466132133076999,40,0.5425000000000001,90,0,1,Al2O3_DI_Water
713,00:59:25,344.54999999999995,322.65,21.900000000000006,0.6466132133076999,40,0.5475000000000001,90,0,1,Al2O3_DI_Water
714,00:59:30,344.54999999999995,322.65,21.900000000000006,0.6466132133076999,40,0.5475000000000001,90,0,1,Al2O3_DI_Water
715,00:59:35,344.34999999999997,322.65,21.700000000000003,0.6466132133076999,40,0.5425000000000001,90,0,1,Al2O3_DI_Water
716,00:59:40,344.34999999999997,322.65,21.700000000000003,0.6466132133076999,40,0.5425000000000001,90,0,1,Al2O3_DI_Water
717,00:59:45,344.34999999999997,322.4,21.950000000000003,0.6466132133076999,40,0.5487500000000001,90,0,1,Al2O3_DI_Water
718,00:59:50,344.34999999999997,322.4,21.950000000000003,0.6466132133076999,40,0.5487500000000001,90,0,1,Al2O3_DI_Water
719,00:59:55,344.15,322.65,21.5,0.6466132133076999,40,0.5375,90,0,1,Al2O3_DI_Water
720,01:00:00,344.34999999999997,322.65,21.700000000000003,0.6466132133076999,40,0.5425000000000001,90,0,1,Al2O3_DI_Water
721,01:00:05,344.54999999999995,322.65,21.900000000000006,0.6466132133076999,40,0.5475000000000001,90,0,1,Al2O3_DI_Water
722,01:00:10,344.34999999999997,322.65,21.700000000000003,0.6466132133076999,40,0.5425000000000001,90,0,1,Al2O3_DI_Water
723,01:00:15,344.95,322.65,22.299999999999997,0.6466132133076999,40,0.5574999999999999,90,0,1,Al2O3_DI_Water
724,01:00:20,344.34999999999997,322.65,21.700000000000003,0.6466132133076999,40,0.5425000000000001,90,0,1,Al2O3_DI_Water
725,01:00:25,344.34999999999997,322.65,21.700000000000003,0.6466132133076999,40,0.5425000000000001,90,0,1,Al2O3_DI_Water
726,01:00:30,344.15,322.65,21.5,0.6466132133076999,40,0.5375,90,0,1,Al2O3_DI_Water
727,01:00:35,344.15,322.65,21.5,0.6466132133076999,40,0.5375,90,0,1,Al2O3_DI_Water
728,01:00:40,344.34999999999997,322.65,21.700000000000003,0.6466132133076999,40,0.5425000000000001,90,0,1,Al2O3_DI_Water
729,01:00:45,344.54999999999995,322.65,21.900000000000006,0.6466132133076999,40,0.5475000000000001,90,0,1,Al2O3_DI_Water
730,01:00:50,344.54999999999995,322.9,21.650000000000006,0.6466132133076999,40,0.5412500000000001,90,0,1,Al2O3_DI_Water
731,01:00:55,344.54999999999995,322.9,21.650000000000006,0.6466132133076999,40,0.5412500000000001,90,0,1,Al2O3_DI_Water
732,01:01:00,344.75,322.9,21.849999999999994,0.6466132133076999,40,0.5462499999999999,90,0,1,Al2O3_DI_Water
733,01:01:05,344.54999999999995,322.65,21.900000000000006,0.6466132133076999,40,0.5475000000000001,90,0,1,Al2O3_DI_Water
734,01:01:10,344.54999999999995,322.65,21.900000000000006,0.6466132133076999,40,0.5475000000000001,90,0,1,Al2O3_DI_Water
735,01:01:15,344.54999999999995,322.65,21.900000000000006,0.6466132133076999,40,0.5475000000000001,90,0,1,Al2O3_DI_Water
736,01:01:20,344.34999999999997,322.4,21.950000000000003,0.6466132133076999,40,0.5487500000000001,90,0,1,Al2O3_DI_Water
737,01:01:25,344.34999999999997,322.65,21.700000000000003,0.6466132133076999,40,0.5425000000000001,90,0,1,Al2O3_DI_Water
738,01:01:30,344.15,322.65,21.5,0.6466132133076999,40,0.5375,90,0,1,Al2O3_DI_Water
739,01:01:35,344.15,322.65,21.5,0.6466132133076999,40,0.5375,90,0,1,Al2O3_DI_Water
740,01:01:40,344.54999999999995,322.65,21.900000000000006,0.6466132133076999,40,0.5475000000000001,90,0,1,Al2O3_DI_Water
741,01:01:45,344.54999999999995,322.65,21.900000000000006,0.6466132133076999,40,0.5475000000000001,90,0,1,Al2O3_DI_Water
742,01:01:50,344.75,322.65,22.099999999999994,0.6466132133076999,40,0.5524999999999999,90,0,1,Al2O3_DI_Water
743,01:01:55,344.54999999999995,322.65,21.900000000000006,0.6466132133076999,40,0.5475000000000001,90,0,1,Al2O3_DI_Water
744,01:02:00,344.54999999999995,322.65,21.900000000000006,0.6466132133076999,40,0.5475000000000001,90,0,1,Al2O3_DI_Water
745,01:02:05,344.95,322.65,22.299999999999997,0.6466132133076999,40,0.5574999999999999,90,0,1,Al2O3_DI_Water
746,01:02:10,344.95,322.65,22.299999999999997,0.6466132133076999,40,0.5574999999999999,90,0,1,Al2O3_DI_Water
747,01:02:15,344.54999999999995,322.65,21.900000000000006,0.6466132133076999,40,0.5475000000000001,90,0,1,Al2O3_DI_Water
748,01:02:20,344.54999999999995,322.65,21.900000000000006,0.6466132133076999,40,0.5475000000000001,90,0,1,Al2O3_DI_Water
749,01:02:25,344.75,322.4,22.349999999999994,0.6466132133076999,40,0.5587499999999999,90,0,1,Al2O3_DI_Water
750,01:02:30,344.15,322.4,21.75,0.6466132133076999,40,0.54375,90,0,1,Al2O3_DI_Water
751,01:02:35,344.34999999999997,322.65,21.700000000000003,0.6466132133076999,40,0.5425000000000001,90,0,1,Al2O3_DI_Water
752,01:02:40,344.34999999999997,322.65,21.700000000000003,0.6466132133076999,40,0.5425000000000001,90,0,1,Al2O3_DI_Water
753,01:02:45,344.34999999999997,322.65,21.700000000000003,0.6466132133076999,40,0.5425000000000001,90,0,1,Al2O3_DI_Water
754,01:02:50,344.75,322.65,22.099999999999994,0.6466132133076999,40,0.5524999999999999,90,0,1,Al2O3_DI_Water
755,01:02:55,344.54999999999995,322.65,21.900000000000006,0.6466132133076999,40,0.5475000000000001,90,0,1,Al2O3_DI_Water
756,01:03:00,344.95,322.65,22.299999999999997,0.6466132133076999,40,0.5574999999999999,90,0,1,Al2O3_DI_Water
757,01:03:05,345.15,322.65,22.5,0.6466132133076999,40,0.5625,90,0,1,Al2O3_DI_Water
758,01:03:10,344.95,322.65,22.299999999999997,0.6466132133076999,40,0.5574999999999999,90,0,1,Al2O3_DI_Water
759,01:03:15,344.75,323.15,21.599999999999994,0.6466132133076999,40,0.5399999999999998,90,0,1,Al2O3_DI_Water
760,01:03:20,344.54999999999995,322.65,21.900000000000006,0.6799437913132514,40,0.5475000000000001,90,0,1,Al2O3_DI_Water