,t(min),Te[K],Tc[K],dT[K],P[bar],Q[W],TR[K/W],alpha,beta,phase
0,00:00:00,305.34999999999997,305.15,0.20000000000000284,0.4132991672688391,80,0.0025000000000000356,90,0,1
1,00:00:05,305.34999999999997,305.15,0.20000000000000284,0.4132991672688391,80,0.0025000000000000356,90,0,1
2,00:00:10,305.34999999999997,305.15,0.20000000000000284,0.4132991672688391,80,0.0025000000000000356,90,0,1
3,00:00:15,305.34999999999997,305.15,0.20000000000000284,0.4132991672688391,80,0.0025000000000000356,90,0,1
4,00:00:20,305.34999999999997,305.15,0.20000000000000284,0.4132991672688391,80,0.0025000000000000356,90,0,1
5,00:00:25,305.34999999999997,305.15,0.20000000000000284,0.4132991672688391,80,0.0025000000000000356,90,0,1
6,00:00:30,305.34999999999997,305.15,0.20000000000000284,0.4132991672688391,80,0.0025000000000000356,90,0,1
7,00:00:35,305.34999999999997,305.15,0.20000000000000284,0.4132991672688391,80,0.0025000000000000356,90,0,1
8,00:00:40,305.75,305.4,0.3500000000000014,0.4132991672688391,80,0.004375000000000018,90,0,1
9,00:00:45,305.34999999999997,305.15,0.20000000000000284,0.4132991672688391,80,0.0025000000000000356,90,0,1
10,00:00:50,305.75,305.15,0.6000000000000014,0.4132991672688391,80,0.007500000000000018,90,0,1
11,00:00:55,305.95,305.4,0.5499999999999972,0.4132991672688391,80,0.0068749999999999645,90,0,1
12,00:01:00,305.95,305.4,0.5499999999999972,0.4132991672688391,80,0.0068749999999999645,90,0,1
13,00:01:05,306.15,305.4,0.75,0.4132991672688391,80,0.009375,90,0,1
14,00:01:10,306.15,305.4,0.75,0.4132991672688391,80,0.009375,90,0,1
15,00:01:15,306.15,305.4,0.75,0.4132991672688391,80,0.009375,90,0,1
16,00:01:20,306.75,305.4,1.3500000000000014,0.4132991672688391,80,0.01687500000000002,90,0,1
17,00:01:25,306.54999999999995,305.4,1.1499999999999986,0.4132991672688391,80,0.014374999999999982,90,0,1
18,00:01:30,306.54999999999995,305.9,0.6499999999999986,0.4132991672688391,80,0.008124999999999983,90,0,1
19,00:01:35,306.75,305.4,1.3500000000000014,0.4132991672688391,80,0.01687500000000002,90,0,1
20,00:01:40,306.95,305.4,1.5499999999999972,0.4132991672688391,80,0.019374999999999965,90,0,1
21,00:01:45,307.34999999999997,305.65,1.7000000000000028,0.4132991672688391,80,0.021250000000000036,90,0,1
22,00:01:50,307.34999999999997,305.9,1.4500000000000028,0.4132991672688391,80,0.018125000000000037,90,0,1
23,00:01:55,307.75,306.15,1.6000000000000014,0.4132991672688391,80,0.020000000000000018,90,0,1
24,00:02:00,307.75,305.9,1.8500000000000014,0.4132991672688391,80,0.023125000000000017,90,0,1
25,00:02:05,308.34999999999997,306.4,1.9500000000000028,0.4132991672688391,80,0.024375000000000036,90,0,1
26,00:02:10,308.34999999999997,306.15,2.200000000000003,0.4132991672688391,80,0.027500000000000035,90,0,1
27,00:02:15,308.54999999999995,306.4,2.1499999999999986,0.4132991672688391,80,0.026874999999999982,90,0,1
28,00:02:20,309.15,306.4,2.75,0.4132991672688391,80,0.034375,90,0,1
29,00:02:25,309.34999999999997,306.15,3.200000000000003,0.4132991672688391,80,0.040000000000000036,90,0,1
30,00:02:30,309.95,306.4,3.549999999999997,0.4132991672688391,80,0.04437499999999996,90,0,1
31,00:02:35,310.15,306.4,3.75,0.4132991672688391,80,0.046875,90,0,1
32,00:02:40,310.34999999999997,306.4,3.950000000000003,0.4132991672688391,80,0.04937500000000004,90,0,1
33,00:02:45,310.54999999999995,306.4,4.149999999999999,0.4132991672688391,80,0.051874999999999984,90,0,1
34,00:02:50,310.95,306.4,4.549999999999997,0.4132991672688391,80,0.05687499999999997,90,0,1
35,00:02:55,311.34999999999997,306.4,4.950000000000003,0.4132991672688391,80,0.061875000000000034,90,0,1
36,00:03:00,311.34999999999997,306.9,4.450000000000003,0.4132991672688391,80,0.055625000000000036,90,0,1
37,00:03:05,311.54999999999995,306.9,4.649999999999999,0.4132991672688391,80,0.05812499999999998,90,0,1
38,00:03:10,311.95,306.9,5.049999999999997,0.4132991672688391,80,0.06312499999999996,90,0,1
39,00:03:15,312.54999999999995,307.15,5.399999999999999,0.4132991672688391,80,0.06749999999999998,90,0,1
40,00:03:20,312.75,307.15,5.600000000000001,0.4132991672688391,80,0.07000000000000002,90,0,1
41,00:03:25,313.15,307.15,6.0,0.4132991672688391,80,0.075,90,0,1
42,00:03:30,313.75,307.15,6.600000000000001,0.4132991672688391,80,0.08250000000000002,90,0,1
43,00:03:35,313.95,307.15,6.799999999999997,0.4132991672688391,80,0.08499999999999996,90,0,1
44,00:03:40,314.15,307.4,6.75,0.4132991672688391,80,0.084375,90,0,1
45,00:03:45,314.34999999999997,307.4,6.950000000000003,0.4132991672688391,80,0.08687500000000004,90,0,1
46,00:03:50,314.75,307.65,7.100000000000001,0.4132991672688391,80,0.08875000000000002,90,0,1
47,00:03:55,314.95,307.9,7.049999999999997,0.4132991672688391,80,0.08812499999999997,90,0,1
48,00:04:00,315.54999999999995,307.9,7.649999999999999,0.4132991672688391,80,0.09562499999999999,90,0,1
49,00:04:05,315.54999999999995,307.9,7.649999999999999,0.4132991672688391,80,0.09562499999999999,90,0,1
50,00:04:10,315.75,308.15,7.600000000000001,0.4132991672688391,80,0.09500000000000001,90,0,1
51,00:04:15,316.54999999999995,308.15,8.399999999999999,0.4132991672688391,80,0.10499999999999998,90,0,1
52,00:04:20,316.75,308.4,8.350000000000001,0.4132991672688391,80,0.10437500000000002,90,0,1
53,00:04:25,317.15,308.65,8.5,0.4132991672688391,80,0.10625,90,0,1
54,00:04:30,317.34999999999997,308.65,8.700000000000003,0.4132991672688391,80,0.10875000000000004,90,0,1
55,00:04:35,317.95,308.65,9.299999999999997,0.4132991672688391,80,0.11624999999999996,90,0,1
56,00:04:40,317.95,308.9,9.049999999999997,0.4132991672688391,80,0.11312499999999996,90,0,1
57,00:04:45,317.95,308.9,9.049999999999997,0.4132991672688391,80,0.11312499999999996,90,0,1
58,00:04:50,317.15,308.9,8.25,0.4132991672688391,80,0.103125,90,0,1
59,00:04:55,317.75,309.15,8.600000000000001,0.4132991672688391,80,0.10750000000000001,90,0,1
60,00:05:00,318.15,309.15,9.0,0.4132991672688391,80,0.1125,90,0,1
61,00:05:05,318.54999999999995,309.15,9.399999999999999,0.4132991672688391,80,0.11749999999999998,90,0,1
62,00:05:10,318.75,309.4,9.350000000000001,0.4132991672688391,80,0.11687500000000002,90,0,1
63,00:05:15,318.95,309.4,9.549999999999997,0.4132991672688391,80,0.11937499999999997,90,0,1
64,00:05:20,319.34999999999997,310.15,9.200000000000003,0.4132991672688391,80,0.11500000000000003,90,0,1
65,00:05:25,319.75,310.15,9.600000000000001,0.4132991672688391,80,0.12000000000000002,90,0,1
66,00:05:30,320.15,310.15,10.0,0.4132991672688391,80,0.125,90,0,1
67,00:05:35,320.54999999999995,310.4,10.149999999999999,0.4132991672688391,80,0.126875,90,0,1
68,00:05:40,320.95,310.4,10.549999999999997,0.4132991672688391,80,0.13187499999999996,90,0,1
69,00:05:45,321.15,310.4,10.75,0.4132991672688391,80,0.134375,90,0,1
70,00:05:50,321.54999999999995,310.65,10.899999999999999,0.4132991672688391,80,0.13624999999999998,90,0,1
71,00:05:55,321.75,310.65,11.100000000000001,0.4132991672688391,80,0.13875,90,0,1
72,00:06:00,322.34999999999997,310.65,11.700000000000003,0.4132991672688391,80,0.14625000000000005,90,0,1
73,00:06:05,322.34999999999997,310.65,11.700000000000003,0.4132991672688391,80,0.14625000000000005,90,0,1
74,00:06:10,323.34999999999997,311.15,12.200000000000003,0.4132991672688391,80,0.15250000000000002,90,0,1
75,00:06:15,323.54999999999995,311.15,12.399999999999999,0.4132991672688391,80,0.15499999999999997,90,0,1
76,00:06:20,323.75,311.15,12.600000000000001,0.4132991672688391,80,0.15750000000000003,90,0,1
77,00:06:25,323.95,311.15,12.799999999999997,0.4132991672688391,80,0.15999999999999998,90,0,1
78,00:06:30,324.34999999999997,311.4,12.950000000000003,0.4132991672688391,80,0.16187500000000005,90,0,1
79,00:06:35,324.54999999999995,311.4,13.149999999999999,0.4132991672688391,80,0.164375,90,0,1
80,00:06:40,324.75,311.4,13.350000000000001,0.4132991672688391,80,0.16687500000000002,90,0,1
81,00:06:45,324.95,311.4,13.549999999999997,0.4132991672688391,80,0.16937499999999997,90,0,1
82,00:06:50,325.34999999999997,311.9,13.450000000000003,0.4132991672688391,80,0.16812500000000002,90,0,1
83,00:06:55,325.75,311.9,13.850000000000001,0.4132991672688391,80,0.17312500000000003,90,0,1
84,00:07:00,325.95,312.4,13.549999999999997,0.44662974527439064,80,0.16937499999999997,90,0,1
85,00:07:05,326.34999999999997,312.4,13.950000000000003,0.44662974527439064,80,0.17437500000000003,90,0,1
86,00:07:10,326.95,312.4,14.549999999999997,0.44662974527439064,80,0.18187499999999995,90,0,1
87,00:07:15,326.95,312.4,14.549999999999997,0.44662974527439064,80,0.18187499999999995,90,0,1
88,00:07:20,327.34999999999997,312.4,14.950000000000003,0.44662974527439064,80,0.18687500000000004,90,0,1
89,00:07:25,327.75,312.65,15.100000000000001,0.44662974527439064,80,0.18875000000000003,90,0,1
90,00:07:30,327.95,312.9,15.049999999999997,0.44662974527439064,80,0.18812499999999996,90,0,1
91,00:07:35,328.15,313.15,15.0,0.44662974527439064,80,0.1875,90,0,1
92,00:07:40,328.54999999999995,313.4,15.149999999999999,0.44662974527439064,80,0.189375,90,0,1
93,00:07:45,328.54999999999995,313.15,15.399999999999999,0.44662974527439064,80,0.19249999999999998,90,0,1
94,00:07:50,329.15,313.4,15.75,0.44662974527439064,80,0.196875,90,0,1
95,00:07:55,329.15,313.65,15.5,0.44662974527439064,80,0.19375,90,0,1
96,00:08:00,329.54999999999995,313.65,15.899999999999999,0.44662974527439064,80,0.19874999999999998,90,0,1
97,00:08:05,329.95,313.65,16.299999999999997,0.44662974527439064,80,0.20374999999999996,90,0,1
98,00:08:10,329.95,313.65,16.299999999999997,0.44662974527439064,80,0.20374999999999996,90,0,1
99,00:08:15,330.34999999999997,313.9,16.450000000000003,0.44662974527439064,80,0.20562500000000003,90,0,1
100,00:08:20,330.54999999999995,313.9,16.65,0.44662974527439064,80,0.20812499999999998,90,0,1
101,00:08:25,330.95,314.15,16.799999999999997,0.44662974527439064,80,0.20999999999999996,90,0,1
102,00:08:30,331.15,314.65,16.5,0.44662974527439064,80,0.20625,90,0,1
103,00:08:35,331.34999999999997,314.4,16.950000000000003,0.44662974527439064,80,0.21187500000000004,90,0,1
104,00:08:40,331.75,314.65,17.1,0.44662974527439064,80,0.21375000000000002,90,0,1
105,00:08:45,332.15,314.65,17.5,0.44662974527439064,80,0.21875,90,0,1
106,00:08:50,332.54999999999995,314.9,17.65,0.44662974527439064,80,0.220625,90,0,1
107,00:08:55,332.54999999999995,315.4,17.15,0.44662974527439064,80,0.21437499999999998,90,0,1
108,00:09:00,333.15,315.15,18.0,0.44662974527439064,80,0.225,90,0,1
109,00:09:05,333.15,314.9,18.25,0.44662974527439064,80,0.228125,90,0,1
110,00:09:10,333.34999999999997,315.15,18.200000000000003,0.44662974527439064,80,0.22750000000000004,90,0,1
111,00:09:15,333.54999999999995,315.4,18.15,0.4799603232799422,80,0.226875,90,0,1
112,00:09:20,333.95,315.65,18.299999999999997,0.4799603232799422,80,0.22874999999999995,90,0,1
113,00:09:25,333.95,315.65,18.299999999999997,0.4799603232799422,80,0.22874999999999995,90,0,1
114,00:09:30,334.15,315.65,18.5,0.4799603232799422,80,0.23125,90,0,1
115,00:09:35,334.34999999999997,315.9,18.450000000000003,0.4799603232799422,80,0.23062500000000002,90,0,1
116,00:09:40,334.95,315.65,19.299999999999997,0.4799603232799422,80,0.24124999999999996,90,0,1
117,00:09:45,335.34999999999997,315.65,19.700000000000003,0.4799603232799422,80,0.24625000000000002,90,0,1
118,00:09:50,335.15,315.65,19.5,0.4799603232799422,80,0.24375,90,0,1
119,00:09:55,335.54999999999995,315.9,19.65,0.4799603232799422,80,0.24562499999999998,90,0,1
120,00:10:00,335.54999999999995,316.15,19.4,0.4799603232799422,80,0.2425,90,0,1
121,00:10:05,336.15,316.15,20.0,0.4799603232799422,80,0.25,90,0,1
122,00:10:10,336.15,316.15,20.0,0.4799603232799422,80,0.25,90,0,1
123,00:10:15,336.34999999999997,316.4,19.950000000000003,0.4799603232799422,80,0.24937500000000004,90,0,1
124,00:10:20,336.95,316.4,20.549999999999997,0.4799603232799422,80,0.25687499999999996,90,0,1
125,00:10:25,337.34999999999997,316.4,20.950000000000003,0.4799603232799422,80,0.261875,90,0,1
126,00:10:30,337.34999999999997,316.4,20.950000000000003,0.4799603232799422,80,0.261875,90,0,1
127,00:10:35,337.34999999999997,316.65,20.700000000000003,0.4799603232799422,80,0.25875000000000004,90,0,1
128,00:10:40,337.54999999999995,316.9,20.650000000000006,0.4799603232799422,80,0.25812500000000005,90,0,1
129,00:10:45,338.15,317.15,21.0,0.4799603232799422,80,0.2625,90,0,1
130,00:10:50,338.75,317.15,21.599999999999994,0.4799603232799422,80,0.2699999999999999,90,0,1
131,00:10:55,338.54999999999995,317.4,21.150000000000006,0.4799603232799422,80,0.2643750000000001,90,0,1
132,00:11:00,338.75,317.4,21.349999999999994,0.4799603232799422,80,0.2668749999999999,90,0,1
133,00:11:05,339.34999999999997,317.4,21.950000000000003,0.4799603232799422,80,0.27437500000000004,90,0,1
134,00:11:10,339.34999999999997,317.9,21.450000000000003,0.4799603232799422,80,0.26812500000000006,90,0,1
135,00:11:15,339.34999999999997,317.9,21.450000000000003,0.4799603232799422,80,0.26812500000000006,90,0,1
136,00:11:20,339.34999999999997,317.9,21.450000000000003,0.4799603232799422,80,0.26812500000000006,90,0,1
137,00:11:25,339.75,317.9,21.849999999999994,0.4799603232799422,80,0.27312499999999995,90,0,1
138,00:11:30,340.15,317.9,22.25,0.4799603232799422,80,0.278125,90,0,1
139,00:11:35,340.34999999999997,318.15,22.200000000000003,0.4799603232799422,80,0.2775,90,0,1
140,00:11:40,340.34999999999997,318.4,21.950000000000003,0.4799603232799422,80,0.27437500000000004,90,0,1
141,00:11:45,340.95,318.9,22.049999999999997,0.4799603232799422,80,0.27562499999999995,90,0,1
142,00:11:50,340.95,318.9,22.049999999999997,0.4799603232799422,80,0.27562499999999995,90,0,1
143,00:11:55,341.54999999999995,318.9,22.650000000000006,0.4799603232799422,80,0.28312500000000007,90,0,1
144,00:12:00,341.34999999999997,319.15,22.200000000000003,0.4799603232799422,80,0.2775,90,0,1
145,00:12:05,341.34999999999997,319.4,21.950000000000003,0.4799603232799422,80,0.27437500000000004,90,0,1
146,00:12:10,341.54999999999995,319.4,22.150000000000006,0.4799603232799422,80,0.2768750000000001,90,0,1
147,00:12:15,341.95,319.65,22.299999999999997,0.4799603232799422,80,0.27874999999999994,90,0,1
148,00:12:20,342.15,319.65,22.5,0.4799603232799422,80,0.28125,90,0,1
149,00:12:25,342.34999999999997,319.65,22.700000000000003,0.5132909012854937,80,0.28375000000000006,90,0,1
150,00:12:30,342.34999999999997,319.9,22.450000000000003,0.5132909012854937,80,0.280625,90,0,1
151,00:12:35,342.54999999999995,320.15,22.400000000000006,0.5132909012854937,80,0.2800000000000001,90,0,1
152,00:12:40,342.95,320.4,22.549999999999997,0.5132909012854937,80,0.281875,90,0,1
153,00:12:45,343.34999999999997,320.65,22.700000000000003,0.5132909012854937,80,0.28375000000000006,90,0,1
154,00:12:50,343.54999999999995,320.65,22.900000000000006,0.5132909012854937,80,0.28625000000000006,90,0,1
155,00:12:55,343.75,320.65,23.099999999999994,0.5132909012854937,80,0.28874999999999995,90,0,1
156,00:13:00,343.75,320.9,22.849999999999994,0.5132909012854937,80,0.2856249999999999,90,0,1
157,00:13:05,344.15,320.9,23.25,0.5132909012854937,80,0.290625,90,0,1
158,00:13:10,343.95,321.4,22.549999999999997,0.5132909012854937,80,0.281875,90,0,1
159,00:13:15,344.54999999999995,321.4,23.150000000000006,0.5132909012854937,80,0.28937500000000005,90,0,1
160,00:13:20,344.54999999999995,321.4,23.150000000000006,0.5132909012854937,80,0.28937500000000005,90,0,1
161,00:13:25,344.95,321.9,23.049999999999997,0.5132909012854937,80,0.28812499999999996,90,0,1
162,00:13:30,344.95,321.9,23.049999999999997,0.5132909012854937,80,0.28812499999999996,90,0,1
163,00:13:35,345.15,322.15,23.0,0.5132909012854937,80,0.2875,90,0,1
164,00:13:40,345.54999999999995,322.15,23.400000000000006,0.5132909012854937,80,0.2925000000000001,90,0,1
165,00:13:45,345.34999999999997,322.15,23.200000000000003,0.5132909012854937,80,0.29000000000000004,90,0,1
166,00:13:50,345.34999999999997,322.15,23.200000000000003,0.5132909012854937,80,0.29000000000000004,90,0,1
167,00:13:55,345.34999999999997,322.15,23.200000000000003,0.5132909012854937,80,0.29000000000000004,90,0,1
168,00:14:00,345.54999999999995,322.15,23.400000000000006,0.5466214792910453,80,0.2925000000000001,90,0,1
169,00:14:05,345.75,322.4,23.349999999999994,0.5466214792910453,80,0.29187499999999994,90,0,1
170,00:14:10,346.15,322.65,23.5,0.5466214792910453,80,0.29375,90,0,1
171,00:14:15,346.34999999999997,322.65,23.700000000000003,0.5466214792910453,80,0.29625,90,0,1
172,00:14:20,346.34999999999997,322.9,23.450000000000003,0.5466214792910453,80,0.293125,90,0,1
173,00:14:25,346.34999999999997,322.9,23.450000000000003,0.5466214792910453,80,0.293125,90,0,1
174,00:14:30,346.75,322.9,23.849999999999994,0.5466214792910453,80,0.2981249999999999,90,0,1
175,00:14:35,346.75,323.15,23.599999999999994,0.5466214792910453,80,0.29499999999999993,90,0,1
176,00:14:40,346.75,323.4,23.349999999999994,0.5466214792910453,80,0.29187499999999994,90,0,1
177,00:14:45,347.15,323.65,23.5,0.5466214792910453,80,0.29375,90,0,1
178,00:14:50,347.54999999999995,323.65,23.900000000000006,0.5466214792910453,80,0.29875000000000007,90,0,1
179,00:14:55,347.54999999999995,323.65,23.900000000000006,0.5466214792910453,80,0.29875000000000007,90,0,1
180,00:15:00,347.95,323.65,24.299999999999997,0.5466214792910453,80,0.30374999999999996,90,0,1
181,00:15:05,347.95,323.65,24.299999999999997,0.5466214792910453,80,0.30374999999999996,90,0,1
182,00:15:10,347.95,323.65,24.299999999999997,0.5466214792910453,80,0.30374999999999996,90,0,1
183,00:15:15,347.54999999999995,323.65,23.900000000000006,0.5466214792910453,80,0.29875000000000007,90,0,1
184,00:15:20,347.75,324.15,23.599999999999994,0.5466214792910453,80,0.29499999999999993,90,0,1
185,00:15:25,348.15,324.4,23.75,0.5466214792910453,80,0.296875,90,0,1
186,00:15:30,347.95,324.4,23.549999999999997,0.5466214792910453,80,0.29437499999999994,90,0,1
187,00:15:35,348.15,324.4,23.75,0.5466214792910453,80,0.296875,90,0,1
188,00:15:40,348.54999999999995,324.9,23.650000000000006,0.5799520572965968,80,0.2956250000000001,90,0,1
189,00:15:45,348.95,324.9,24.049999999999997,0.5799520572965968,80,0.300625,90,0,1
190,00:15:50,349.15,324.9,24.25,0.5799520572965968,80,0.303125,90,0,1
191,00:15:55,349.54999999999995,324.9,24.650000000000006,0.5799520572965968,80,0.3081250000000001,90,0,1
192,00:16:00,349.34999999999997,324.9,24.450000000000003,0.5799520572965968,80,0.30562500000000004,90,0,1
193,00:16:05,349.54999999999995,324.9,24.650000000000006,0.5799520572965968,80,0.3081250000000001,90,0,1
194,00:16:10,349.54999999999995,325.15,24.400000000000006,0.5799520572965968,80,0.30500000000000005,90,0,1
195,00:16:15,349.75,325.4,24.349999999999994,0.5799520572965968,80,0.30437499999999995,90,0,1
196,00:16:20,349.75,325.4,24.349999999999994,0.5799520572965968,80,0.30437499999999995,90,0,1
197,00:16:25,349.95,325.65,24.299999999999997,0.5799520572965968,80,0.30374999999999996,90,0,1
198,00:16:30,349.95,325.65,24.299999999999997,0.5799520572965968,80,0.30374999999999996,90,0,1
199,00:16:35,350.34999999999997,325.9,24.450000000000003,0.5799520572965968,80,0.30562500000000004,90,0,1
200,00:16:40,350.34999999999997,326.15,24.200000000000003,0.5799520572965968,80,0.30250000000000005,90,0,1
201,00:16:45,350.75,326.15,24.599999999999994,0.5799520572965968,80,0.30749999999999994,90,0,1
202,00:16:50,350.75,326.4,24.349999999999994,0.5799520572965968,80,0.30437499999999995,90,0,1
203,00:16:55,350.54999999999995,326.4,24.150000000000006,0.5799520572965968,80,0.30187500000000006,90,0,1
204,00:17:00,350.75,326.4,24.349999999999994,0.5799520572965968,80,0.30437499999999995,90,0,1
205,00:17:05,350.54999999999995,326.65,23.900000000000006,0.5799520572965968,80,0.29875000000000007,90,0,1
206,00:17:10,350.75,326.9,23.849999999999994,0.5799520572965968,80,0.2981249999999999,90,0,1
207,00:17:15,351.34999999999997,326.9,24.450000000000003,0.5799520572965968,80,0.30562500000000004,90,0,1
208,00:17:20,351.34999999999997,326.9,24.450000000000003,0.5799520572965968,80,0.30562500000000004,90,0,1
209,00:17:25,351.75,327.15,24.599999999999994,0.6132826353021483,80,0.30749999999999994,90,0,1
210,00:17:30,351.75,327.15,24.599999999999994,0.6132826353021483,80,0.30749999999999994,90,0,1
211,00:17:35,351.75,327.9,23.849999999999994,0.6132826353021483,80,0.2981249999999999,90,0,1
212,00:17:40,351.75,327.9,23.849999999999994,0.6132826353021483,80,0.2981249999999999,90,0,1
213,00:17:45,351.95,327.9,24.049999999999997,0.6132826353021483,80,0.300625,90,0,1
214,00:17:50,352.15,327.9,24.25,0.6132826353021483,80,0.303125,90,0,1
215,00:17:55,352.34999999999997,327.9,24.450000000000003,0.6132826353021483,80,0.30562500000000004,90,0,1
216,00:18:00,352.15,328.15,24.0,0.6132826353021483,80,0.3,90,0,1
217,00:18:05,352.54999999999995,328.4,24.150000000000006,0.6132826353021483,80,0.30187500000000006,90,0,1
218,00:18:10,352.95,328.4,24.549999999999997,0.6132826353021483,80,0.30687499999999995,90,0,1
219,00:18:15,352.95,328.4,24.549999999999997,0.6132826353021483,80,0.30687499999999995,90,0,1
220,00:18:20,353.15,328.65,24.5,0.6132826353021483,80,0.30625,90,0,1
221,00:18:25,353.34999999999997,328.9,24.450000000000003,0.6132826353021483,80,0.30562500000000004,90,0,1
222,00:18:30,353.34999999999997,328.9,24.450000000000003,0.6132826353021483,80,0.30562500000000004,90,0,1
223,00:18:35,353.95,328.9,25.049999999999997,0.6132826353021483,80,0.313125,90,0,1
224,00:18:40,353.54999999999995,329.15,24.400000000000006,0.6132826353021483,80,0.30500000000000005,90,0,1
225,00:18:45,353.95,328.9,25.049999999999997,0.6132826353021483,80,0.313125,90,0,1
226,00:18:50,353.75,329.15,24.599999999999994,0.6132826353021483,80,0.30749999999999994,90,0,1
227,00:18:55,354.15,329.15,25.0,0.6132826353021483,80,0.3125,90,0,1
228,00:19:00,354.34999999999997,329.65,24.700000000000003,0.6132826353021483,80,0.30875,90,0,1
229,00:19:05,354.54999999999995,329.65,24.900000000000006,0.6132826353021483,80,0.3112500000000001,90,0,1
230,00:19:10,354.34999999999997,329.65,24.700000000000003,0.6132826353021483,80,0.30875,90,0,1
231,00:19:15,354.75,329.9,24.849999999999994,0.6132826353021483,80,0.31062499999999993,90,0,1
232,00:19:20,354.75,330.15,24.599999999999994,0.6132826353021483,80,0.30749999999999994,90,0,1
233,00:19:25,354.75,330.15,24.599999999999994,0.6132826353021483,80,0.30749999999999994,90,0,1
234,00:19:30,354.95,330.15,24.799999999999997,0.6132826353021483,80,0.30999999999999994,90,0,1
235,00:19:35,355.34999999999997,329.9,25.450000000000003,0.6132826353021483,80,0.31812500000000005,90,0,1
236,00:19:40,354.95,330.15,24.799999999999997,0.6466132133076999,80,0.30999999999999994,90,0,1
237,00:19:45,355.95,330.15,25.799999999999997,0.6466132133076999,80,0.32249999999999995,90,0,1
238,00:19:50,355.95,330.15,25.799999999999997,0.6799437913132514,80,0.32249999999999995,90,0,1
239,00:19:55,355.15,331.4,23.75,0.6799437913132514,80,0.296875,90,0,1
240,00:20:00,353.15,331.9,21.25,0.6799437913132514,80,0.265625,90,0,1
241,00:20:05,352.54999999999995,332.4,20.150000000000006,0.6799437913132514,80,0.25187500000000007,90,0,1
242,00:20:10,352.75,333.4,19.349999999999994,0.713274369318803,80,0.24187499999999992,90,0,1
243,00:20:15,353.15,333.65,19.5,0.713274369318803,80,0.24375,90,0,1
244,00:20:20,352.95,333.65,19.299999999999997,0.713274369318803,80,0.24124999999999996,90,0,1
245,00:20:25,353.15,334.15,19.0,0.713274369318803,80,0.2375,90,0,1
246,00:20:30,353.34999999999997,334.15,19.200000000000003,0.7466049473243546,80,0.24000000000000005,90,0,1
247,00:20:35,353.15,334.65,18.5,0.7466049473243546,80,0.23125,90,0,1
248,00:20:40,353.75,334.65,19.099999999999994,0.7466049473243546,80,0.23874999999999993,90,0,1
249,00:20:45,353.75,335.15,18.599999999999994,0.7466049473243546,80,0.23249999999999993,90,0,1
250,00:20:50,353.75,335.4,18.349999999999994,0.7466049473243546,80,0.22937499999999994,90,0,1
251,00:20:55,354.15,335.15,19.0,0.7466049473243546,80,0.2375,90,0,1
252,00:21:00,354.34999999999997,335.9,18.450000000000003,0.7466049473243546,80,0.23062500000000002,90,0,1
253,00:21:05,354.54999999999995,336.15,18.400000000000006,0.7466049473243546,80,0.23000000000000007,90,0,1
254,00:21:10,354.34999999999997,336.15,18.200000000000003,0.7466049473243546,80,0.22750000000000004,90,0,1
255,00:21:15,354.75,335.9,18.849999999999994,0.7466049473243546,80,0.23562499999999992,90,0,1
256,00:21:20,354.34999999999997,336.15,18.200000000000003,0.7466049473243546,80,0.22750000000000004,90,0,1
257,00:21:25,354.54999999999995,335.9,18.650000000000006,0.7466049473243546,80,0.23312500000000008,90,0,1
258,00:21:30,354.54999999999995,335.9,18.650000000000006,0.7466049473243546,80,0.23312500000000008,90,0,1
259,00:21:35,354.95,336.65,18.299999999999997,0.7466049473243546,80,0.22874999999999995,90,0,1
260,00:21:40,354.95,336.9,18.049999999999997,0.7466049473243546,80,0.22562499999999996,90,0,1
261,00:21:45,354.95,336.65,18.299999999999997,0.7466049473243546,80,0.22874999999999995,90,0,1
262,00:21:50,354.95,336.9,18.049999999999997,0.7466049473243546,80,0.22562499999999996,90,0,1
263,00:21:55,354.95,336.9,18.049999999999997,0.7466049473243546,80,0.22562499999999996,90,0,1
264,00:22:00,355.15,336.9,18.25,0.7466049473243546,80,0.228125,90,0,1
265,00:22:05,355.15,337.15,18.0,0.7466049473243546,80,0.225,90,0,1
266,00:22:10,355.34999999999997,337.4,17.950000000000003,0.7466049473243546,80,0.22437500000000005,90,0,1
267,00:22:15,355.34999999999997,337.4,17.950000000000003,0.7466049473243546,80,0.22437500000000005,90,0,1
268,00:22:20,355.54999999999995,337.4,18.150000000000006,0.7466049473243546,80,0.22687500000000008,90,0,1
269,00:22:25,355.34999999999997,337.4,17.950000000000003,0.7466049473243546,80,0.22437500000000005,90,0,1
270,00:22:30,355.54999999999995,337.15,18.400000000000006,0.7466049473243546,80,0.23000000000000007,90,0,1
271,00:22:35,355.95,337.15,18.799999999999997,0.7466049473243546,80,0.23499999999999996,90,0,1
272,00:22:40,355.75,337.65,18.099999999999994,0.7799355253299061,80,0.22624999999999992,90,0,1
273,00:22:45,355.75,337.9,17.849999999999994,0.7799355253299061,80,0.22312499999999993,90,0,1
274,00:22:50,355.75,337.9,17.849999999999994,0.7799355253299061,80,0.22312499999999993,90,0,1
275,00:22:55,355.95,337.9,18.049999999999997,0.7799355253299061,80,0.22562499999999996,90,0,1
276,00:23:00,355.95,338.4,17.549999999999997,0.7799355253299061,80,0.21937499999999996,90,0,1
277,00:23:05,356.15,338.65,17.5,0.7799355253299061,80,0.21875,90,0,1
278,00:23:10,356.15,338.4,17.75,0.7799355253299061,80,0.221875,90,0,1
279,00:23:15,356.15,338.4,17.75,0.7799355253299061,80,0.221875,90,0,1
280,00:23:20,356.34999999999997,338.65,17.700000000000003,0.7799355253299061,80,0.22125000000000003,90,0,1
281,00:23:25,356.34999999999997,338.4,17.950000000000003,0.7799355253299061,80,0.22437500000000005,90,0,1
282,00:23:30,356.15,338.9,17.25,0.7799355253299061,80,0.215625,90,0,1
283,00:23:35,353.95,342.4,11.549999999999997,0.7799355253299061,80,0.14437499999999998,90,0,1
284,00:23:40,353.54999999999995,342.4,11.150000000000006,0.7799355253299061,80,0.13937500000000008,90,0,1
285,00:23:45,352.75,342.9,9.849999999999994,0.7799355253299061,80,0.12312499999999993,90,0,1
286,00:23:50,352.34999999999997,343.15,9.200000000000003,0.8132661033354576,80,0.11500000000000003,90,0,1
287,00:23:55,352.95,345.4,7.549999999999997,0.8132661033354576,80,0.09437499999999996,90,0,1
288,00:24:00,352.75,347.9,4.849999999999994,0.8132661033354576,80,0.06062499999999993,90,0,1
289,00:24:05,352.75,347.15,5.599999999999994,0.8132661033354576,80,0.06999999999999992,90,0,1
290,00:24:10,352.95,346.4,6.549999999999997,0.8132661033354576,80,0.08187499999999996,90,0,1
291,00:24:15,353.54999999999995,345.4,8.150000000000006,0.8132661033354576,80,0.10187500000000008,90,0,1
292,00:24:20,353.75,344.4,9.349999999999994,0.8132661033354576,80,0.11687499999999992,90,0,1
293,00:24:25,353.95,343.9,10.049999999999997,0.8132661033354576,80,0.12562499999999996,90,0,1
294,00:24:30,354.34999999999997,343.15,11.200000000000003,0.8132661033354576,80,0.14000000000000004,90,0,1
295,00:24:35,354.95,342.65,12.299999999999997,0.8132661033354576,80,0.15374999999999997,90,0,1
296,00:24:40,355.34999999999997,343.4,11.950000000000003,0.8132661033354576,80,0.14937500000000004,90,0,1
297,00:24:45,355.15,343.4,11.75,0.8132661033354576,80,0.146875,90,0,1
298,00:24:50,355.15,342.9,12.25,0.8132661033354576,80,0.153125,90,0,1
299,00:24:55,355.34999999999997,342.65,12.700000000000003,0.8132661033354576,80,0.15875000000000003,90,0,1
300,00:25:00,355.75,342.4,13.349999999999994,0.8132661033354576,80,0.16687499999999994,90,0,1
301,00:25:05,356.15,342.15,14.0,0.8132661033354576,80,0.175,90,0,1
302,00:25:10,356.34999999999997,341.9,14.450000000000003,0.8465966813410092,80,0.18062500000000004,90,0,1
303,00:25:15,356.54999999999995,341.4,15.150000000000006,0.8465966813410092,80,0.18937500000000007,90,0,1
304,00:25:20,356.95,341.65,15.299999999999997,0.8465966813410092,80,0.19124999999999998,90,0,1
305,00:25:25,356.75,342.15,14.599999999999994,0.8465966813410092,80,0.18249999999999994,90,0,1
306,00:25:30,357.15,342.15,15.0,0.8465966813410092,80,0.1875,90,0,1
307,00:25:35,357.15,342.15,15.0,0.8799272593465607,80,0.1875,90,0,1
308,00:25:40,357.54999999999995,342.4,15.150000000000006,0.8799272593465607,80,0.18937500000000007,90,0,1
309,00:25:45,357.54999999999995,342.4,15.150000000000006,0.8799272593465607,80,0.18937500000000007,90,0,1
310,00:25:50,357.75,342.15,15.599999999999994,0.8799272593465607,80,0.19499999999999992,90,0,1
311,00:25:55,357.95,342.4,15.549999999999997,0.8799272593465607,80,0.19437499999999996,90,0,1
312,00:26:00,357.75,342.9,14.849999999999994,0.8799272593465607,80,0.18562499999999993,90,0,1
313,00:26:05,356.54999999999995,345.65,10.900000000000006,0.8799272593465607,80,0.13625000000000007,90,0,1
314,00:26:10,356.34999999999997,345.9,10.450000000000003,0.8799272593465607,80,0.13062500000000005,90,0,1
315,00:26:15,356.54999999999995,346.15,10.400000000000006,0.8799272593465607,80,0.13000000000000006,90,0,1
316,00:26:20,356.95,345.9,11.049999999999997,0.8799272593465607,80,0.13812499999999997,90,0,1
317,00:26:25,357.34999999999997,345.65,11.700000000000003,0.9132578373521122,80,0.14625000000000005,90,0,1
318,00:26:30,357.15,345.15,12.0,0.9132578373521122,80,0.15,90,0,1
319,00:26:35,357.54999999999995,345.15,12.400000000000006,0.9132578373521122,80,0.15500000000000008,90,0,1
320,00:26:40,357.95,344.65,13.299999999999997,0.9132578373521122,80,0.16624999999999995,90,0,1
321,00:26:45,357.75,344.9,12.849999999999994,0.9132578373521122,80,0.16062499999999993,90,0,1
322,00:26:50,358.15,344.65,13.5,0.9132578373521122,80,0.16875,90,0,1
323,00:26:55,357.95,344.65,13.299999999999997,0.9132578373521122,80,0.16624999999999995,90,0,1
324,00:27:00,358.15,344.9,13.25,0.9132578373521122,80,0.165625,90,0,1
325,00:27:05,358.15,344.9,13.25,0.9132578373521122,80,0.165625,90,0,1
326,00:27:10,357.95,345.15,12.799999999999997,0.9132578373521122,80,0.15999999999999998,90,0,1
327,00:27:15,358.75,345.15,13.599999999999994,0.9132578373521122,80,0.16999999999999993,90,0,1
328,00:27:20,358.54999999999995,344.9,13.650000000000006,0.9132578373521122,80,0.17062500000000008,90,0,1
329,00:27:25,358.75,344.9,13.849999999999994,0.9132578373521122,80,0.17312499999999992,90,0,1
330,00:27:30,358.54999999999995,345.15,13.400000000000006,0.9132578373521122,80,0.16750000000000007,90,0,1
331,00:27:35,358.54999999999995,344.9,13.650000000000006,0.9132578373521122,80,0.17062500000000008,90,0,1
332,00:27:40,358.54999999999995,344.65,13.900000000000006,0.9132578373521122,80,0.17375000000000007,90,0,1
333,00:27:45,358.54999999999995,345.15,13.400000000000006,0.9132578373521122,80,0.16750000000000007,90,0,1
334,00:27:50,358.54999999999995,345.4,13.150000000000006,0.9465884153576638,80,0.16437500000000008,90,0,1
335,00:27:55,358.95,345.65,13.299999999999997,0.9465884153576638,80,0.16624999999999995,90,0,1
336,00:28:00,359.15,345.4,13.75,0.9465884153576638,80,0.171875,90,0,1
337,00:28:05,359.15,345.4,13.75,0.9465884153576638,80,0.171875,90,0,1
338,00:28:10,359.34999999999997,345.65,13.700000000000003,0.9465884153576638,80,0.17125000000000004,90,0,1
339,00:28:15,359.15,345.65,13.5,0.9465884153576638,80,0.16875,90,0,1
340,00:28:20,359.15,345.65,13.5,0.9465884153576638,80,0.16875,90,0,1
341,00:28:25,359.75,345.4,14.349999999999994,0.9465884153576638,80,0.17937499999999992,90,0,1
342,00:28:30,359.34999999999997,345.65,13.700000000000003,0.9465884153576638,80,0.17125000000000004,90,0,1
343,00:28:35,359.75,346.15,13.599999999999994,0.9465884153576638,80,0.16999999999999993,90,0,1
344,00:28:40,359.75,346.4,13.349999999999994,0.9465884153576638,80,0.16687499999999994,90,0,1
345,00:28:45,359.75,346.15,13.599999999999994,0.9465884153576638,80,0.16999999999999993,90,0,1
346,00:28:50,359.95,346.4,13.549999999999997,0.9799189933632153,80,0.16937499999999997,90,0,1
347,00:28:55,359.95,346.4,13.549999999999997,0.9799189933632153,80,0.16937499999999997,90,0,1
348,00:29:00,359.95,346.9,13.049999999999997,0.9799189933632153,80,0.16312499999999996,90,0,1
349,00:29:05,359.95,346.9,13.049999999999997,0.9799189933632153,80,0.16312499999999996,90,0,1
350,00:29:10,359.95,347.15,12.799999999999997,0.9799189933632153,80,0.15999999999999998,90,0,1
351,00:29:15,360.15,347.65,12.5,0.9799189933632153,80,0.15625,90,0,1
352,00:29:20,359.95,347.9,12.049999999999997,0.9799189933632153,80,0.15062499999999995,90,0,1
353,00:29:25,360.15,348.15,12.0,0.9799189933632153,80,0.15,90,0,1
354,00:29:30,360.15,348.4,11.75,0.9799189933632153,80,0.146875,90,0,1
355,00:29:35,360.15,348.15,12.0,0.9799189933632153,80,0.15,90,0,1
356,00:29:40,360.15,348.15,12.0,0.9799189933632153,80,0.15,90,0,1
357,00:29:45,360.15,348.4,11.75,0.9799189933632153,80,0.146875,90,0,1
358,00:29:50,359.95,348.15,11.799999999999997,0.9799189933632153,80,0.14749999999999996,90,0,1
359,00:29:55,360.54999999999995,347.9,12.650000000000006,0.9799189933632153,80,0.15812500000000007,90,0,1
360,00:30:00,361.15,348.4,12.75,0.9799189933632153,80,0.159375,90,0,1
361,00:30:05,361.15,348.65,12.5,0.9799189933632153,80,0.15625,90,0,1
362,00:30:10,361.15,348.9,12.25,0.9799189933632153,80,0.153125,90,0,1
363,00:30:15,361.15,348.65,12.5,0.9799189933632153,80,0.15625,90,0,1
364,00:30:20,361.15,349.4,11.75,0.9799189933632153,80,0.146875,90,0,1
365,00:30:25,361.34999999999997,349.65,11.700000000000003,0.9799189933632153,80,0.14625000000000005,90,0,1
366,00:30:30,361.54999999999995,349.4,12.150000000000006,0.9799189933632153,80,0.15187500000000007,90,0,1
367,00:30:35,361.34999999999997,349.4,11.950000000000003,0.9799189933632153,80,0.14937500000000004,90,0,1
368,00:30:40,361.75,349.65,12.099999999999994,0.9799189933632153,80,0.15124999999999994,90,0,1
369,00:30:45,361.34999999999997,349.4,11.950000000000003,0.9799189933632153,80,0.14937500000000004,90,0,1
370,00:30:50,361.34999999999997,349.15,12.200000000000003,0.9799189933632153,80,0.15250000000000002,90,0,1
371,00:30:55,361.34999999999997,348.9,12.450000000000003,0.9799189933632153,80,0.15562500000000004,90,0,1
372,00:31:00,361.54999999999995,349.15,12.400000000000006,0.9799189933632153,80,0.15500000000000008,90,0,1
373,00:31:05,361.75,348.4,13.349999999999994,0.9799189933632153,80,0.16687499999999994,90,0,1
374,00:31:10,361.75,348.4,13.349999999999994,0.9799189933632153,80,0.16687499999999994,90,0,1
375,00:31:15,361.34999999999997,348.9,12.450000000000003,0.9799189933632153,80,0.15562500000000004,90,0,1
376,00:31:20,361.34999999999997,348.9,12.450000000000003,0.9799189933632153,80,0.15562500000000004,90,0,1
377,00:31:25,361.34999999999997,348.15,13.200000000000003,1.0132495713687668,80,0.16500000000000004,90,0,1
378,00:31:30,361.15,349.15,12.0,1.0132495713687668,80,0.15,90,0,1
379,00:31:35,360.95,349.15,11.799999999999997,1.0132495713687668,80,0.14749999999999996,90,0,1
380,00:31:40,360.95,349.15,11.799999999999997,1.0132495713687668,80,0.14749999999999996,90,0,1
381,00:31:45,361.34999999999997,349.15,12.200000000000003,1.0132495713687668,80,0.15250000000000002,90,0,1
382,00:31:50,361.54999999999995,349.4,12.150000000000006,1.0132495713687668,80,0.15187500000000007,90,0,1
383,00:31:55,361.54999999999995,349.65,11.900000000000006,1.0132495713687668,80,0.14875000000000008,90,0,1
384,00:32:00,361.15,349.65,11.5,1.0132495713687668,80,0.14375,90,0,1
385,00:32:05,361.34999999999997,349.9,11.450000000000003,1.0132495713687668,80,0.14312500000000003,90,0,1
386,00:32:10,361.54999999999995,350.4,11.150000000000006,1.0132495713687668,80,0.13937500000000008,90,0,1
387,00:32:15,361.54999999999995,350.15,11.400000000000006,1.0132495713687668,80,0.14250000000000007,90,0,1
388,00:32:20,361.54999999999995,351.15,10.400000000000006,1.0132495713687668,80,0.13000000000000006,90,0,1
389,00:32:25,361.54999999999995,350.65,10.900000000000006,1.0132495713687668,80,0.13625000000000007,90,0,1
390,00:32:30,361.54999999999995,351.4,10.150000000000006,1.0132495713687668,80,0.12687500000000007,90,0,1
391,00:32:35,361.75,351.4,10.349999999999994,1.0132495713687668,80,0.12937499999999993,90,0,1
392,00:32:40,362.34999999999997,351.65,10.700000000000003,1.0132495713687668,80,0.13375000000000004,90,0,1
393,00:32:45,362.75,352.4,10.349999999999994,1.0132495713687668,80,0.12937499999999993,90,0,1
394,00:32:50,363.15,352.4,10.75,1.0132495713687668,80,0.134375,90,0,1
395,00:32:55,362.75,351.9,10.849999999999994,1.0132495713687668,80,0.13562499999999994,90,0,1
396,00:33:00,362.54999999999995,352.15,10.400000000000006,1.0132495713687668,80,0.13000000000000006,90,0,1
397,00:33:05,362.34999999999997,351.9,10.450000000000003,1.0132495713687668,80,0.13062500000000005,90,0,1
398,00:33:10,362.54999999999995,352.15,10.400000000000006,1.0132495713687668,80,0.13000000000000006,90,0,1
399,00:33:15,362.34999999999997,351.9,10.450000000000003,1.0132495713687668,80,0.13062500000000005,90,0,1
400,00:33:20,362.34999999999997,351.4,10.950000000000003,1.0132495713687668,80,0.13687500000000002,90,0,1
401,00:33:25,362.54999999999995,352.65,9.900000000000006,1.0132495713687668,80,0.12375000000000007,90,0,1
402,00:33:30,362.34999999999997,351.9,10.450000000000003,1.0132495713687668,80,0.13062500000000005,90,0,1
403,00:33:35,362.15,351.4,10.75,1.0132495713687668,80,0.134375,90,0,1
404,00:33:40,362.15,351.4,10.75,1.0132495713687668,80,0.134375,90,0,1
405,00:33:45,362.34999999999997,350.9,11.450000000000003,1.0132495713687668,80,0.14312500000000003,90,0,1
406,00:33:50,362.34999999999997,351.4,10.950000000000003,1.0132495713687668,80,0.13687500000000002,90,0,1
407,00:33:55,362.15,351.4,10.75,1.0132495713687668,80,0.134375,90,0,1
408,00:34:00,362.34999999999997,351.4,10.950000000000003,1.0132495713687668,80,0.13687500000000002,90,0,1
409,00:34:05,362.54999999999995,351.4,11.150000000000006,1.0132495713687668,80,0.13937500000000008,90,0,1
410,00:34:10,362.54999999999995,351.4,11.150000000000006,1.0132495713687668,80,0.13937500000000008,90,0,1
411,00:34:15,362.95,351.65,11.299999999999997,1.0132495713687668,80,0.14124999999999996,90,0,1
412,00:34:20,362.54999999999995,351.9,10.650000000000006,1.0132495713687668,80,0.13312500000000008,90,0,1
413,00:34:25,362.95,351.9,11.049999999999997,1.0132495713687668,80,0.13812499999999997,90,0,1
414,00:34:30,363.15,352.15,11.0,1.0132495713687668,80,0.1375,90,0,1
415,00:34:35,362.95,352.15,10.799999999999997,1.0132495713687668,80,0.13499999999999995,90,0,1
416,00:34:40,362.95,351.9,11.049999999999997,1.0132495713687668,80,0.13812499999999997,90,0,1
417,00:34:45,363.15,351.9,11.25,1.0132495713687668,80,0.140625,90,0,1
418,00:34:50,363.15,351.65,11.5,1.0132495713687668,80,0.14375,90,0,1
419,00:34:55,362.95,351.9,11.049999999999997,1.0132495713687668,80,0.13812499999999997,90,0,1
420,00:35:00,363.34999999999997,351.9,11.450000000000003,1.0132495713687668,80,0.14312500000000003,90,0,1
421,00:35:05,363.15,351.9,11.25,1.0132495713687668,80,0.140625,90,0,1
422,00:35:10,363.54999999999995,351.9,11.650000000000006,1.0132495713687668,80,0.14562500000000006,90,0,1
423,00:35:15,363.54999999999995,352.65,10.900000000000006,1.0132495713687668,80,0.13625000000000007,90,0,1
424,00:35:20,363.34999999999997,351.9,11.450000000000003,1.0132495713687668,80,0.14312500000000003,90,0,1
425,00:35:25,363.34999999999997,351.65,11.700000000000003,1.0132495713687668,80,0.14625000000000005,90,0,1
426,00:35:30,363.34999999999997,351.65,11.700000000000003,1.0622855177305341,80,0.14625000000000005,90,0,1
427,00:35:35,362.95,351.65,11.299999999999997,1.0622855177305341,80,0.14124999999999996,90,0,1
428,00:35:40,363.34999999999997,351.65,11.700000000000003,1.0622855177305341,80,0.14625000000000005,90,0,1
429,00:35:45,363.15,351.9,11.25,1.0622855177305341,80,0.140625,90,0,1
430,00:35:50,363.34999999999997,351.9,11.450000000000003,1.0622855177305341,80,0.14312500000000003,90,0,1
431,00:35:55,363.34999999999997,352.15,11.200000000000003,1.0622855177305341,80,0.14000000000000004,90,0,1
432,00:36:00,363.75,351.9,11.849999999999994,1.0622855177305341,80,0.14812499999999992,90,0,1
433,00:36:05,363.54999999999995,352.15,11.400000000000006,1.0622855177305341,80,0.14250000000000007,90,0,1
434,00:36:10,363.75,351.9,11.849999999999994,1.0622855177305341,80,0.14812499999999992,90,0,1
435,00:36:15,363.54999999999995,351.9,11.650000000000006,1.0622855177305341,80,0.14562500000000006,90,0,1
436,00:36:20,363.75,351.65,12.099999999999994,1.0622855177305341,80,0.15124999999999994,90,0,1
437,00:36:25,363.75,351.9,11.849999999999994,1.0622855177305341,80,0.14812499999999992,90,0,1
438,00:36:30,363.95,351.9,12.049999999999997,1.0622855177305341,80,0.15062499999999995,90,0,1
439,00:36:35,364.54999999999995,353.15,11.400000000000006,1.0622855177305341,80,0.14250000000000007,90,0,1
440,00:36:40,363.95,353.9,10.049999999999997,1.0622855177305341,80,0.12562499999999996,90,0,1
441,00:36:45,363.54999999999995,353.65,9.900000000000006,1.0622855177305341,80,0.12375000000000007,90,0,1
442,00:36:50,363.54999999999995,352.9,10.650000000000006,1.0622855177305341,80,0.13312500000000008,90,0,1
443,00:36:55,363.75,352.65,11.099999999999994,1.0622855177305341,80,0.13874999999999993,90,0,1
444,00:37:00,363.54999999999995,352.65,10.900000000000006,1.0622855177305341,80,0.13625000000000007,90,0,1
445,00:37:05,363.75,352.4,11.349999999999994,1.0622855177305341,80,0.14187499999999992,90,0,1
446,00:37:10,363.95,353.15,10.799999999999997,1.0622855177305341,80,0.13499999999999995,90,0,1
447,00:37:15,363.95,353.15,10.799999999999997,1.0622855177305341,80,0.13499999999999995,90,0,1
448,00:37:20,364.15,353.15,11.0,1.0622855177305341,80,0.1375,90,0,1
449,00:37:25,363.95,353.9,10.049999999999997,1.0622855177305341,80,0.12562499999999996,90,0,1
450,00:37:30,363.95,353.65,10.299999999999997,1.0622855177305341,80,0.12874999999999998,90,0,1
451,00:37:35,364.15,352.65,11.5,1.0622855177305341,80,0.14375,90,0,1
452,00:37:40,363.95,353.15,10.799999999999997,1.0622855177305341,80,0.13499999999999995,90,0,1
453,00:37:45,363.95,352.9,11.049999999999997,1.0622855177305341,80,0.13812499999999997,90,0,1
454,00:37:50,363.54999999999995,352.4,11.150000000000006,1.0622855177305341,80,0.13937500000000008,90,0,1
455,00:37:55,363.75,352.15,11.599999999999994,1.0622855177305341,80,0.14499999999999993,90,0,1
456,00:38:00,363.75,351.9,11.849999999999994,1.0622855177305341,80,0.14812499999999992,90,0,1
457,00:38:05,363.95,351.9,12.049999999999997,1.0622855177305341,80,0.15062499999999995,90,0,1
458,00:38:10,364.15,352.15,12.0,1.0622855177305341,80,0.15,90,0,1
459,00:38:15,364.15,353.15,11.0,1.0622855177305341,80,0.1375,90,0,1
460,00:38:20,364.75,353.65,11.099999999999994,1.0622855177305341,80,0.13874999999999993,90,0,1
461,00:38:25,364.95,353.9,11.049999999999997,1.0622855177305341,80,0.13812499999999997,90,0,1
462,00:38:30,364.95,355.65,9.299999999999997,1.0622855177305341,80,0.11624999999999996,90,0,1
463,00:38:35,364.15,356.4,7.75,1.0622855177305341,80,0.096875,90,0,1
464,00:38:40,363.95,355.65,8.299999999999997,1.0622855177305341,80,0.10374999999999997,90,0,1
465,00:38:45,364.15,355.15,9.0,1.0622855177305341,80,0.1125,90,0,1
466,00:38:50,363.95,355.15,8.799999999999997,1.0622855177305341,80,0.10999999999999996,90,0,1
467,00:38:55,363.75,355.15,8.599999999999994,1.0622855177305341,80,0.10749999999999993,90,0,1
468,00:39:00,363.75,354.9,8.849999999999994,1.0622855177305341,80,0.11062499999999993,90,0,1
469,00:39:05,363.95,354.9,9.049999999999997,1.0622855177305341,80,0.11312499999999996,90,0,1
470,00:39:10,364.54999999999995,355.15,9.400000000000006,1.0622855177305341,80,0.11750000000000008,90,0,1
471,00:39:15,364.75,355.9,8.849999999999994,1.0622855177305341,80,0.11062499999999993,90,0,1
472,00:39:20,364.95,356.65,8.299999999999997,1.0622855177305341,80,0.10374999999999997,90,0,1
473,00:39:25,364.95,356.9,8.049999999999997,1.0622855177305341,80,0.10062499999999996,90,0,1
474,00:39:30,364.34999999999997,356.9,7.450000000000003,1.0622855177305341,80,0.09312500000000004,90,0,1
475,00:39:35,363.75,356.15,7.599999999999994,1.0622855177305341,80,0.09499999999999993,90,0,1
476,00:39:40,364.34999999999997,356.65,7.700000000000003,1.0622855177305341,80,0.09625000000000003,90,0,1
477,00:39:45,363.95,356.4,7.549999999999997,1.0622855177305341,80,0.09437499999999996,90,0,1
478,00:39:50,363.54999999999995,355.65,7.900000000000006,1.0622855177305341,80,0.09875000000000007,90,0,1
479,00:39:55,363.54999999999995,354.9,8.650000000000006,1.0622855177305341,80,0.10812500000000007,90,0,1
480,00:40:00,364.75,356.4,8.349999999999994,1.0622855177305341,80,0.10437499999999993,90,0,1
481,00:40:05,364.54999999999995,356.9,7.650000000000006,1.0622855177305341,80,0.09562500000000007,90,0,1
482,00:40:10,363.95,356.65,7.299999999999997,1.0622855177305341,80,0.09124999999999997,90,0,1
483,00:40:15,363.95,356.15,7.799999999999997,1.0622855177305341,80,0.09749999999999996,90,0,1
484,00:40:20,363.75,355.9,7.849999999999994,1.0622855177305341,80,0.09812499999999993,90,0,1
485,00:40:25,363.75,355.9,7.849999999999994,1.0622855177305341,80,0.09812499999999993,90,0,1
486,00:40:30,364.15,356.15,8.0,1.0622855177305341,80,0.1,90,0,1
487,00:40:35,364.15,355.9,8.25,1.0622855177305341,80,0.103125,90,0,1
488,00:40:40,364.15,356.4,7.75,1.0622855177305341,80,0.096875,90,0,1
489,00:40:45,364.54999999999995,356.15,8.400000000000006,1.0622855177305341,80,0.10500000000000007,90,0,1
490,00:40:50,364.95,356.4,8.549999999999997,1.0622855177305341,80,0.10687499999999997,90,0,1
491,00:40:55,364.75,356.15,8.599999999999994,1.0622855177305341,80,0.10749999999999993,90,0,1
492,00:41:00,364.95,356.4,8.549999999999997,1.0622855177305341,80,0.10687499999999997,90,0,1
493,00:41:05,365.15,357.15,8.0,1.0622855177305341,80,0.1,90,0,1
494,00:41:10,365.34999999999997,356.9,8.450000000000003,1.0622855177305341,80,0.10562500000000004,90,0,1
495,00:41:15,364.75,356.65,8.099999999999994,1.0622855177305341,80,0.10124999999999992,90,0,1
496,00:41:20,364.75,356.65,8.099999999999994,1.0622855177305341,80,0.10124999999999992,90,0,1
497,00:41:25,364.75,356.15,8.599999999999994,1.0622855177305341,80,0.10749999999999993,90,0,1
498,00:41:30,364.75,355.9,8.849999999999994,1.0622855177305341,80,0.11062499999999993,90,0,1
499,00:41:35,364.75,355.65,9.099999999999994,1.0622855177305341,80,0.11374999999999993,90,0,1
500,00:41:40,364.95,355.65,9.299999999999997,1.0622855177305341,80,0.11624999999999996,90,0,1
501,00:41:45,364.54999999999995,355.65,8.900000000000006,1.0622855177305341,80,0.11125000000000007,90,0,1
502,00:41:50,364.75,356.15,8.599999999999994,1.0622855177305341,80,0.10749999999999993,90,0,1
503,00:41:55,365.15,356.15,9.0,1.1113214640923017,80,0.1125,90,0,1
504,00:42:00,365.34999999999997,356.15,9.200000000000003,1.1113214640923017,80,0.11500000000000003,90,0,1
505,00:42:05,364.95,356.15,8.799999999999997,1.1113214640923017,80,0.10999999999999996,90,0,1
506,00:42:10,364.95,356.4,8.549999999999997,1.1113214640923017,80,0.10687499999999997,90,0,1
507,00:42:15,365.34999999999997,356.15,9.200000000000003,1.1113214640923017,80,0.11500000000000003,90,0,1
508,00:42:20,365.34999999999997,356.15,9.200000000000003,1.1113214640923017,80,0.11500000000000003,90,0,1
509,00:42:25,365.75,356.15,9.599999999999994,1.1113214640923017,80,0.11999999999999993,90,0,1
510,00:42:30,365.75,356.4,9.349999999999994,1.1113214640923017,80,0.11687499999999992,90,0,1
511,00:42:35,365.34999999999997,356.4,8.950000000000003,1.1113214640923017,80,0.11187500000000003,90,0,1
512,00:42:40,365.34999999999997,356.4,8.950000000000003,1.1113214640923017,80,0.11187500000000003,90,0,1
513,00:42:45,365.15,356.4,8.75,1.1113214640923017,80,0.109375,90,0,1
514,00:42:50,365.34999999999997,356.4,8.950000000000003,1.1113214640923017,80,0.11187500000000003,90,0,1
515,00:42:55,365.34999999999997,355.9,9.450000000000003,1.1113214640923017,80,0.11812500000000004,90,0,1
516,00:43:00,365.75,355.9,9.849999999999994,1.1113214640923017,80,0.12312499999999993,90,0,1
517,00:43:05,365.75,356.4,9.349999999999994,1.1113214640923017,80,0.11687499999999992,90,0,1
518,00:43:10,365.34999999999997,356.15,9.200000000000003,1.1113214640923017,80,0.11500000000000003,90,0,1
519,00:43:15,365.54999999999995,356.15,9.400000000000006,1.1113214640923017,80,0.11750000000000008,90,0,1
520,00:43:20,365.54999999999995,356.15,9.400000000000006,1.1113214640923017,80,0.11750000000000008,90,0,1
521,00:43:25,365.34999999999997,356.15,9.200000000000003,1.1113214640923017,80,0.11500000000000003,90,0,1
522,00:43:30,365.15,356.15,9.0,1.1113214640923017,80,0.1125,90,0,1
523,00:43:35,365.15,356.15,9.0,1.1113214640923017,80,0.1125,90,0,1
524,00:43:40,365.34999999999997,355.9,9.450000000000003,1.1113214640923017,80,0.11812500000000004,90,0,1
525,00:43:45,365.54999999999995,356.4,9.150000000000006,1.1113214640923017,80,0.11437500000000007,90,0,1
526,00:43:50,365.54999999999995,355.9,9.650000000000006,1.1113214640923017,80,0.12062500000000007,90,0,1
527,00:43:55,365.54999999999995,356.15,9.400000000000006,1.1113214640923017,80,0.11750000000000008,90,0,1
528,00:44:00,365.15,355.4,9.75,1.1113214640923017,80,0.121875,90,0,1
529,00:44:05,365.15,355.4,9.75,1.1113214640923017,80,0.121875,90,0,1
530,00:44:10,365.15,355.9,9.25,1.1113214640923017,80,0.115625,90,0,1
531,00:44:15,365.15,355.9,9.25,1.1113214640923017,80,0.115625,90,0,1
532,00:44:20,365.54999999999995,355.65,9.900000000000006,1.1113214640923017,80,0.12375000000000007,90,0,1
533,00:44:25,365.75,355.65,10.099999999999994,1.1113214640923017,80,0.12624999999999992,90,0,1
534,00:44:30,365.95,355.9,10.049999999999997,1.1113214640923017,80,0.12562499999999996,90,0,1
535,00:44:35,366.15,356.15,10.0,1.1113214640923017,80,0.125,90,0,1
536,00:44:40,365.95,356.15,9.799999999999997,1.1113214640923017,80,0.12249999999999997,90,0,1
537,00:44:45,365.95,355.9,10.049999999999997,1.1113214640923017,80,0.12562499999999996,90,0,1
538,00:44:50,365.95,355.9,10.049999999999997,1.1113214640923017,80,0.12562499999999996,90,0,1
539,00:44:55,365.95,355.65,10.299999999999997,1.1113214640923017,80,0.12874999999999998,90,0,1
540,00:45:00,365.54999999999995,355.65,9.900000000000006,1.1113214640923017,80,0.12375000000000007,90,0,1
541,00:45:05,365.75,355.9,9.849999999999994,1.1113214640923017,80,0.12312499999999993,90,0,1
542,00:45:10,365.34999999999997,355.9,9.450000000000003,1.1113214640923017,80,0.11812500000000004,90,0,1
543,00:45:15,365.54999999999995,355.9,9.650000000000006,1.1113214640923017,80,0.12062500000000007,90,0,1
544,00:45:20,365.54999999999995,355.9,9.650000000000006,1.1113214640923017,80,0.12062500000000007,90,0,1
545,00:45:25,365.75,355.9,9.849999999999994,1.1113214640923017,80,0.12312499999999993,90,0,1
546,00:45:30,365.54999999999995,355.65,9.900000000000006,1.1113214640923017,80,0.12375000000000007,90,0,1
547,00:45:35,365.75,356.15,9.599999999999994,1.1113214640923017,80,0.11999999999999993,90,0,1
548,00:45:40,365.54999999999995,356.4,9.150000000000006,1.1113214640923017,80,0.11437500000000007,90,0,1
549,00:45:45,365.34999999999997,356.4,8.950000000000003,1.1113214640923017,80,0.11187500000000003,90,0,1
550,00:45:50,365.54999999999995,356.4,9.150000000000006,1.1113214640923017,80,0.11437500000000007,90,0,1
551,00:45:55,365.54999999999995,356.4,9.150000000000006,1.1113214640923017,80,0.11437500000000007,90,0,1
552,00:46:00,365.95,356.4,9.549999999999997,1.1113214640923017,80,0.11937499999999997,90,0,1
553,00:46:05,366.15,356.15,10.0,1.1113214640923017,80,0.125,90,0,1
554,00:46:10,366.34999999999997,356.4,9.950000000000003,1.1113214640923017,80,0.12437500000000004,90,0,1
555,00:46:15,366.34999999999997,356.65,9.700000000000003,1.1113214640923017,80,0.12125000000000004,90,0,1
556,00:46:20,365.95,356.65,9.299999999999997,1.1113214640923017,80,0.11624999999999996,90,0,1
557,00:46:25,365.75,356.9,8.849999999999994,1.1113214640923017,80,0.11062499999999993,90,0,1
558,00:46:30,365.54999999999995,356.9,8.650000000000006,1.1113214640923017,80,0.10812500000000007,90,0,1
559,00:46:35,365.75,356.65,9.099999999999994,1.1113214640923017,80,0.11374999999999993,90,0,1
560,00:46:40,365.75,356.4,9.349999999999994,1.1113214640923017,80,0.11687499999999992,90,0,1
561,00:46:45,366.15,356.65,9.5,1.1113214640923017,80,0.11875,90,0,1
562,00:46:50,365.95,356.65,9.299999999999997,1.1113214640923017,80,0.11624999999999996,90,0,1
563,00:46:55,365.75,356.65,9.099999999999994,1.1113214640923017,80,0.11374999999999993,90,0,1
564,00:47:00,365.95,356.65,9.299999999999997,1.1113214640923017,80,0.11624999999999996,90,0,1
565,00:47:05,365.95,356.15,9.799999999999997,1.1113214640923017,80,0.12249999999999997,90,0,1
566,00:47:10,365.95,356.15,9.799999999999997,1.1113214640923017,80,0.12249999999999997,90,0,1
567,00:47:15,365.95,355.9,10.049999999999997,1.1113214640923017,80,0.12562499999999996,90,0,1
568,00:47:20,365.95,356.15,9.799999999999997,1.1113214640923017,80,0.12249999999999997,90,0,1
569,00:47:25,365.95,356.4,9.549999999999997,1.1113214640923017,80,0.11937499999999997,90,0,1
570,00:47:30,366.15,356.4,9.75,1.1113214640923017,80,0.121875,90,0,1
571,00:47:35,365.95,356.4,9.549999999999997,1.1113214640923017,80,0.11937499999999997,90,0,1
572,00:47:40,365.54999999999995,356.4,9.150000000000006,1.1113214640923017,80,0.11437500000000007,90,0,1
573,00:47:45,365.54999999999995,356.4,9.150000000000006,1.1113214640923017,80,0.11437500000000007,90,0,1
574,00:47:50,365.75,356.4,9.349999999999994,1.1113214640923017,80,0.11687499999999992,90,0,1
575,00:47:55,365.75,356.15,9.599999999999994,1.1113214640923017,80,0.11999999999999993,90,0,1
576,00:48:00,365.75,356.4,9.349999999999994,1.1113214640923017,80,0.11687499999999992,90,0,1
577,00:48:05,365.95,356.15,9.799999999999997,1.1113214640923017,80,0.12249999999999997,90,0,1
578,00:48:10,365.75,356.15,9.599999999999994,1.1113214640923017,80,0.11999999999999993,90,0,1
579,00:48:15,365.95,356.4,9.549999999999997,1.1113214640923017,80,0.11937499999999997,90,0,1
580,00:48:20,365.95,356.4,9.549999999999997,1.1113214640923017,80,0.11937499999999997,90,0,1
581,00:48:25,366.15,355.9,10.25,1.1113214640923017,80,0.128125,90,0,1
582,00:48:30,365.95,356.4,9.549999999999997,1.1113214640923017,80,0.11937499999999997,90,0,1
583,00:48:35,366.34999999999997,356.4,9.950000000000003,1.1113214640923017,80,0.12437500000000004,90,0,1
584,00:48:40,366.34999999999997,356.4,9.950000000000003,1.1113214640923017,80,0.12437500000000004,90,0,1
585,00:48:45,366.15,356.4,9.75,1.1113214640923017,80,0.121875,90,0,1
586,00:48:50,366.15,356.4,9.75,1.1113214640923017,80,0.121875,90,0,1
587,00:48:55,366.54999999999995,356.65,9.900000000000006,1.1113214640923017,80,0.12375000000000007,90,0,1
588,00:49:00,366.54999999999995,356.4,10.150000000000006,1.1113214640923017,80,0.12687500000000007,90,0,1
589,00:49:05,366.54999999999995,356.4,10.150000000000006,1.1113214640923017,80,0.12687500000000007,90,0,1
590,00:49:10,366.54999999999995,356.65,9.900000000000006,1.1113214640923017,80,0.12375000000000007,90,0,1
591,00:49:15,366.54999999999995,356.4,10.150000000000006,1.1113214640923017,80,0.12687500000000007,90,0,1
592,00:49:20,366.34999999999997,356.4,9.950000000000003,1.1113214640923017,80,0.12437500000000004,90,0,1
593,00:49:25,366.34999999999997,356.15,10.200000000000003,1.1113214640923017,80,0.12750000000000003,90,0,1
594,00:49:30,366.34999999999997,356.15,10.200000000000003,1.1113214640923017,80,0.12750000000000003,90,0,1
595,00:49:35,366.34999999999997,356.15,10.200000000000003,1.1113214640923017,80,0.12750000000000003,90,0,1
596,00:49:40,366.34999999999997,356.4,9.950000000000003,1.1113214640923017,80,0.12437500000000004,90,0,1
597,00:49:45,366.15,356.15,10.0,1.1113214640923017,80,0.125,90,0,1
598,00:49:50,365.95,356.4,9.549999999999997,1.1603574104540693,80,0.11937499999999997,90,0,1
599,00:49:55,366.34999999999997,356.4,9.950000000000003,1.1603574104540693,80,0.12437500000000004,90,0,1
600,00:50:00,366.54999999999995,356.4,10.150000000000006,1.1603574104540693,80,0.12687500000000007,90,0,1
